,Global_intensity at scale: 5^1,mse,predicted
0,-0.6661817354893708,0.04035926953759632,-0.4652855694293976
1,-0.6053691841823379,0.022599300320545832,-0.45503854751586914
2,-0.6053691841823379,0.024520685879217186,-0.448778361082077
3,-0.6053691841823379,0.025599113143416754,-0.44537195563316345
4,-0.681384873316129,0.056415887851488655,-0.4438645839691162
5,-0.681384873316129,0.05563549371524963,-0.4455130994319916
6,-0.45333780591475564,1.1336650678873073e-05,-0.4499708116054535
7,-0.4381346680879974,0.00014659934119356426,-0.4502424895763397
8,-0.6053691841823379,0.02596144108229191,-0.4442436397075653
9,-0.6053691841823379,0.028208756878718606,-0.4374145567417145
10,-0.6965880111428872,0.06986551275936072,-0.4322671592235565
11,-0.8334162515837112,0.16122839581045892,-0.43188369274139404
12,-0.8334162515837112,0.1549106260182171,-0.43982937932014465
13,-0.8334162515837112,0.1431556818225429,-0.4550570547580719
14,-0.818213113756953,0.11794303301904796,-0.4747847616672516
15,-0.681384873316129,0.034457746575030354,-0.4957568943500519
16,-0.6357754598358544,0.01526758041986207,-0.512213408946991
17,-0.45333780591475564,0.004618805537001912,-0.5212996006011963
18,-0.5293534950485468,0.00011391890951580024,-0.518680214881897
19,-0.4381346680879974,0.004815030153916209,-0.5075250864028931
20,-0.37732211678096444,0.01249928793126865,-0.48912233114242554
21,-0.5293534950485468,0.004181440846296474,-0.4646894335746765
22,-0.6053691841823379,0.026981064897634216,-0.4411100447177887
23,0.5196630149977708,0.8900203816379082,-0.42374590039253235
24,0.8541320471864521,1.5302231420219996,-0.38288983702659607
25,0.8997414606667264,1.4491445152942997,-0.30406272411346436
26,0.9149445984934846,1.2259029734894926,-0.19226042926311493
27,0.9909602876272758,1.1076426829850878,-0.061485759913921356
28,1.1125853902413414,1.0768125679727008,0.07488959282636642
29,0.9909602876272758,0.6132307383687067,0.2078697830438614
30,0.9909602876272758,0.4439735039244517,0.324646919965744
31,0.9909602876272758,0.3270091383137526,0.4191131591796875
32,0.8845383228399682,0.15549092718983004,0.4902149438858032
33,0.8389289093596934,0.09126479056449995,0.5368282794952393
34,0.8389289093596934,0.07698448719619355,0.5614681243896484
35,0.8693351850132099,0.08976916978109475,0.5697201490402222
36,0.9149445984934846,0.12006249011029191,0.5684442520141602
37,0.9149445984934846,0.1231411868093172,0.5640298128128052
38,0.9909602876272758,0.18593735969538988,0.5597557425498962
39,1.1581948037216165,0.3585329911538211,0.5594185590744019
40,1.142991665894858,0.330104045883463,0.5684448480606079
41,1.142991665894858,0.3112816243914005,0.585065484046936
42,1.142991665894858,0.28847220670682744,0.6058955788612366
43,1.021366563280792,0.1550191915311014,0.6276417970657349
44,0.8389289093596934,0.03794457489262455,0.6441352367401123
45,0.8389289093596934,0.03625240047015353,0.6485282778739929
46,0.8997414606667264,0.06645778356748752,0.6419473886489868
47,0.9149445984934846,0.0812108194977619,0.6299694776535034
48,0.9149445984934846,0.08881830939969067,0.6169205904006958
49,1.0213665632807924,0.1731638570995187,0.6052369475364685
50,1.219007355028649,0.38402092024474366,0.5993131399154663
51,1.2646167685089238,0.43468310563027723,0.6053117513656616
52,1.5078669737370554,0.7832629549717908,0.6228455305099487
53,1.8423360059257365,1.4098498034378695,0.6549650430679321
54,1.3862418711229894,0.46235237063645773,0.7062768936157227
55,0.9909602876272758,0.05528600463740173,0.7558305263519287
56,1.1277885280681,0.11862846224965296,0.7833636999130249
57,1.142991665894858,0.12345675860499561,0.7916275262832642
58,1.142991665894858,0.1271353705801676,0.7864311933517456
59,1.2342104928554076,0.21225265207704838,0.7735016345977783
60,1.2950230441624404,0.28602590870355094,0.7602091431617737
61,1.3862418711229898,0.4029974948188196,0.7514210343360901
62,1.7055077654849127,0.9118308924388979,0.7506093978881836
63,4.989385536064688,17.836797823201955,0.7660222053527832
64,4.259634920380295,11.446579441278905,0.8763555288314819
65,0.4436473258639794,0.3606718944411729,1.044206976890564
66,-0.8334162515837112,3.886783372240862,1.1380764245986938
67,-0.8334162515837112,3.746944979949504,1.102286458015442
68,-0.8334162515837112,3.209265311797631,0.9580259919166565
69,-0.8030099759301947,2.4008504356578095,0.7464578151702881
70,-0.8334162515837112,1.8018208845151993,0.5089029669761658
71,-0.5749629085288214,0.7247593296397343,0.2763650715351105
72,-0.45333780591475564,0.28090473453286363,0.07666666060686111
73,-0.45333780591475564,0.1421922451801399,-0.07625393569469452
74,-0.4989472193950303,0.10032534625276647,-0.1822054535150528
75,-0.6509785976626125,0.16133406978062545,-0.24931447207927704
76,-0.8334162515837112,0.2937716176555228,-0.2914092242717743
77,-0.8334162515837112,0.2605997951514,-0.32292649149894714
78,-0.8334162515837112,0.23311639226412262,-0.35059496760368347
79,-0.681384873316129,0.09267406232628342,-0.37696072459220886
80,-0.681384873316129,0.07996329995414121,-0.3986070454120636
81,-0.5597597707020632,0.020973672470284397,-0.4149368703365326
82,-0.27090015199365686,0.02330990465587931,-0.4235759675502777
83,-0.2556970141668987,0.026265275808994785,-0.4177626669406891
84,-0.4685409437415139,0.004920494968806235,-0.39839470386505127
85,-0.6053691841823379,0.052674011612807305,-0.3758609890937805
86,-0.6965880111428872,0.11354008629729674,-0.35963091254234314
87,-0.8334162515837112,0.22898852497571343,-0.35488879680633545
88,-0.8334162515837112,0.2197478793551497,-0.36464351415634155
89,-0.8334162515837112,0.2000722646129181,-0.38612186908721924
90,-0.8334162515837112,0.17536388123728452,-0.4146515429019928
91,-0.75740056244992,0.09711609930435215,-0.44576600193977356
92,-0.681384873316129,0.04295545768066603,-0.4741278886795044
93,-0.4837440815682721,0.00013709947035564897,-0.49545302987098694
94,-0.4685409437415139,0.0012556676667620414,-0.5039763450622559
95,-0.6053691841823379,0.011138914116485897,-0.49982813000679016
96,-0.6053691841823379,0.013346227853828737,-0.48984330892562866
97,-0.6965880111428872,0.04760646687900397,-0.4783989489078522
98,-0.818213113756953,0.12106187480119585,-0.4702736437320709
99,-0.681384873316129,0.04471109936319807,-0.46993488073349
100,-0.681384873316129,0.04315659721879215,-0.4736432135105133
101,-0.5749629085288214,0.00923586244034063,-0.4788595139980316
102,-0.45333780591475564,0.0007856753690038198,-0.48136770725250244
103,-0.4837440815682721,4.6074276117900774e-05,-0.4769562780857086
104,-0.4685409437415139,3.5615589266898764e-06,-0.4666537344455719
105,-0.6053691841823379,0.023441796389223925,-0.4522620439529419
106,-0.6053691841823379,0.02747665895754814,-0.4396083354949951
107,-0.6053691841823379,0.03042535238406329,-0.43094053864479065
108,-0.742197424623162,0.099715831619722,-0.42641928791999817
109,-0.8334162515837112,0.1636536006990797,-0.42887502908706665
110,-0.8334162515837112,0.15481851384348738,-0.43994641304016113
111,-0.7421974246231618,0.08095314011331728,-0.4576747715473175
112,-0.681384873316129,0.041907143434636196,-0.47667253017425537
113,-0.681384873316129,0.035734697068863286,-0.49234864115715027
114,-0.6509785976626125,0.021832561534824053,-0.5032201409339905
115,-0.681384873316129,0.02981501765847342,-0.5087146162986755
116,-0.6509785976626125,0.01974173559491894,-0.5104733109474182
117,-0.6053691841823379,0.009255499478982913,-0.5091636776924133
118,-0.39252525460772275,0.01256582341396354,-0.5046226382255554
119,-0.4381346680879974,0.0029179339082762777,-0.4921525716781616
120,-0.681384873316129,0.043225507817503644,-0.47347742319107056
121,-0.5749629085288214,0.013692119343106143,-0.45794957876205444
122,-0.4837440815682721,0.0014144352161047375,-0.44613510370254517
123,-0.5901660463555797,0.02398527618295596,-0.4352942407131195
124,-0.681384873316129,0.06449855538007397,-0.4274192154407501
125,-0.7726037002766784,0.12061820270112812,-0.4253023862838745
126,-0.6053691841823379,0.03038776932244054,-0.43104830384254456
127,-0.6053691841823379,0.02771287440945178,-0.43889734148979187
128,-0.6053691841823379,0.02544430222433345,-0.4458564817905426
129,-0.6053691841823379,0.023894046075371746,-0.45079219341278076
130,-0.742197424623162,0.08329971272909806,-0.4535805284976959
131,-0.6965880111428872,0.05684944516059432,-0.4581567943096161
132,-0.681384873316129,0.04717367500635882,-0.4641898572444916
133,-0.681384873316129,0.04445892159051025,-0.47053202986717224
134,-0.681384873316129,0.04200182185907038,-0.4764414131641388
135,-0.8334162515837112,0.12382260516120898,-0.48153188824653625
136,-0.7878068381034365,0.08893403553480211,-0.48958873748779297
137,-0.6053691841823379,0.011132611689703142,-0.49985799193382263
138,-0.4837440815682721,0.0005148794429403554,-0.5064350366592407
139,-0.45333780591475564,0.0026244819586448303,-0.5045675039291382
140,-0.45333780591475564,0.001633704791459874,-0.4937569200992584
141,-0.45333780591475553,0.0005301459885099736,-0.4763627052307129
142,-0.5293534950485468,0.005455169756629489,-0.45549437403678894
143,-0.6661817354893708,0.05299882520135273,-0.43596699833869934
144,-0.681384873316129,0.06641743527608564,-0.42366907000541687
145,-0.7878068381034365,0.13534787606885654,-0.4199102818965912
146,-0.8334162515837112,0.1659806934578731,-0.4260089695453644
147,-0.7269942867964035,0.08179732640468852,-0.44099196791648865
148,-0.6661817354893708,0.0429267572606273,-0.4589940011501312
149,-0.6661817354893708,0.03661084419339731,-0.4748421311378479
150,-0.6205723220090961,0.017961366816903857,-0.48655229806900024
151,-0.6053691841823379,0.012677680026870787,-0.49277397990226746
152,-0.7878068381034365,0.08651594385016138,-0.49367091059684753
153,-0.7421974246231618,0.06097573661042408,-0.49526476860046387
154,-0.681384873316129,0.03347268786758162,-0.49842944741249084
155,-0.681384873316129,0.03240279639750146,-0.5013771057128906
156,-0.681384873316129,0.03168601057223815,-0.503379225730896
157,-0.3925252546077227,0.012504095304969766,-0.5043469667434692
158,1.2950230441624404,3.2112188754708892,-0.49696436524391174
159,1.2950230441624404,2.991505344255335,-0.43457382917404175
160,1.355835595469473,2.782598799786634,-0.3122767508029938
161,1.3710387332962315,2.298876777390303,-0.14516599476337433
162,1.4318512846032645,1.9282783189661652,0.04322667047381401
163,0.9909602876272758,0.5768948910354045,0.23142431676387787
164,1.0669759767610671,0.4606503513784471,0.3882637023925781
165,1.0669759767610671,0.3150881416721217,0.5056488513946533
166,1.219007355028649,0.40175965217552984,0.5851622223854065
167,1.219007355028649,0.33759765404269587,0.637975811958313
168,0.8541320471864517,0.0332089411243144,0.6718988418579102
169,0.45885046369073784,0.04961561864198737,0.6815961003303528
170,0.48925673934425434,0.029092117434755944,0.6598208546638489
171,0.8389289093596934,0.049904616388413724,0.6155354976654053
172,0.8845383228399682,0.09835346748014576,0.5709247589111328
173,0.5804755663048038,0.001906475143373512,0.5368123650550842
174,0.4284441880372214,0.006106825187006504,0.5065903663635254
175,0.4740536015174961,2.7586245828148557e-07,0.4745788276195526
176,1.021366563280792,0.3346807661099777,0.4428505599498749
177,0.8237257715329352,0.15443713826799468,0.4307408630847931
178,1.4622575602567809,1.0581205401765412,0.43360769748687744
179,2.146398762460901,2.8243005529076073,0.46583321690559387
180,1.249413630682166,0.5000403903317189,0.5422782897949219
181,1.2342104928554076,0.37272725533856915,0.6236965656280518
182,0.3372253610766723,0.1257520867283976,0.6918407678604126
183,0.5348661528245291,0.03177058216681099,0.7131091952323914
184,0.3068190854231556,0.15123628514447354,0.6957101821899414
185,0.2308033962893646,0.172474820838158,0.6461042761802673
186,0.09397515584854046,0.23181814337375872,0.5754501223564148
187,1.0213665632807924,0.27981477850288555,0.49239134788513184
188,1.0517728389343088,0.37917021953596647,0.4360048472881317
189,2.1768050381144173,3.1029931935798905,0.4152735471725464
190,1.659898352004638,1.4419673371797896,0.45907890796661377
191,1.4014450089497477,0.7407717409943548,0.5407640337944031
192,1.4926638359102975,0.7454508418465525,0.6292688846588135
193,1.7967265924454618,1.180091511380372,0.7104064226150513
194,2.2832270029017248,2.243164065942158,0.7855073809623718
195,2.4352583811693074,2.4655327782423453,0.8650568723678589
196,4.518088263435184,12.740960984587696,0.948639988899231
197,0.8693351850132099,0.04315712039711482,1.077078104019165
198,0.6868975310921114,0.211697312175268,1.1470032930374146
199,0.7021006689188697,0.19223260445770327,1.140544056892395
200,0.7173038067456275,0.1273621538454661,1.074182152748108
201,0.44364732586397976,0.2801140432096003,0.9729053378105164
202,0.45885046369073784,0.15373905700044935,0.8509461879730225
203,0.4740536015174961,0.06339832761838768,0.7258438467979431
204,0.4740536015174961,0.018846651344389745,0.6113367080688477
205,0.5500692906512873,0.0011937086427051679,0.5155192017555237
206,0.3828347745569468,0.003734877402905484,0.4439484179019928
207,0.2308033962893646,0.025669216853852594,0.3910195529460907
208,0.09397515584854046,0.06479532862001201,0.34852442145347595
209,0.13958456932881516,0.028785609048149828,0.30924779176712036
210,0.1547877071555734,0.014081974470187232,0.2734552025794983
211,0.1547877071555734,0.0076905724061688205,0.24248361587524414
212,0.1547877071555734,0.0038654067204464755,0.2169601023197174
213,0.18519398280908972,0.0001350521729765763,0.19681517779827118
214,0.0027563288879911955,0.032272642042693866,0.18240220844745636
215,-0.3013064276471733,0.21960581089150755,0.16731475293636322
216,-0.45333780591475564,0.3532082939535724,0.1409754902124405
217,-0.4381346680879974,0.28890951710347235,0.0993683710694313
218,-0.37732211678096444,0.18030419177279525,0.047300294041633606
219,-0.75740056244992,0.5631053276868371,-0.006997119169682264
220,-0.681384873316129,0.3752952134585928,-0.06877144426107407
221,-0.681384873316129,0.30058157717053813,-0.13313166797161102
222,-0.681384873316129,0.23645298421112076,-0.19512055814266205
223,-0.681384873316129,0.18510306163895038,-0.2511488199234009
224,-0.7117911489696455,0.17016951505467715,-0.29927507042884827
225,-0.6661817354893708,0.10654488100535119,-0.3397696018218994
226,-0.6053691841823379,0.054494212999632176,-0.37192922830581665
227,-0.6053691841823379,0.044340482720838105,-0.3947973847389221
228,-0.6053691841823379,0.03835286392701963,-0.40953031182289124
229,-0.6053691841823379,0.035069211779242056,-0.41810142993927
230,-0.7878068381034365,0.1334275419127157,-0.4225294888019562
231,-0.818213113756953,0.15124315627435841,-0.42931318283081055
232,-0.681384873316129,0.057815618089731804,-0.4409360885620117
233,-0.6661817354893708,0.04535206193380816,-0.45322149991989136
234,-0.5293534950485468,0.004314284271976667,-0.4636702835559845
235,-0.28610328982041516,0.03307101757525998,-0.46795767545700073
236,-0.27090015199365686,0.03552937196919471,-0.4593925178050995
237,-0.22529073851338222,0.04541452859301497,-0.4383975863456726
238,-0.27090015199365686,0.018709934764541452,-0.40768441557884216
239,-0.4381346680879973,0.004240068356559449,-0.37301886081695557
240,-0.4381346680879973,0.008953145016184388,-0.3435136079788208
241,-0.6205723220090961,0.0888640115736048,-0.32247164845466614
242,-0.681384873316129,0.13433085862679106,-0.3148731291294098
243,-0.681384873316129,0.12974801171434433,-0.3211793601512909
244,-0.8030099759301947,0.2163920152467034,-0.33783042430877686
245,-0.818213113756953,0.20673694166557974,-0.363529771566391
246,2.5264772081298568,8.534646747181867,-0.3949345648288727
247,2.8609462403185373,10.227625558568255,-0.3371196687221527
248,1.371038733296231,2.356864701687194,-0.16416962444782257
249,-0.5293534950485468,0.3417607457689976,0.055249571800231934
250,-0.5293534950485468,0.5520231981382251,0.21362914144992828
251,-0.5293534950485468,0.6587821142685812,0.2823004424571991
252,-0.5597597707020632,0.6928749731279733,0.27263134717941284
253,-0.5141503572217886,0.5226795231808388,0.20881542563438416
254,-0.37732211678096444,0.24483506511951048,0.11748599261045456
255,-0.37732211678096444,0.1601927645410255,0.022918766364455223
256,-0.37732211678096444,0.09976582012707254,-0.061464838683605194
257,-0.37732211678096444,0.06130802460010871,-0.12971754372119904
258,-0.31650956547393166,0.0184484627300829,-0.18068444728851318
259,-0.37732211678096444,0.02659817307259708,-0.2142326533794403
260,0.44364732586397976,0.4603445939349145,-0.23483966290950775
261,2.5264772081298568,7.558961566688293,-0.22287936508655548
262,4.715729055183041,23.370797525860223,-0.11860621720552444
263,3.636306269483207,12.300203085612322,0.12914173305034637
264,1.0517728389343084,0.3537860136362753,0.45697370171546936
265,1.0669759767610671,0.11439367289373761,0.7287546396255493
266,1.0669759767610671,0.02755041140696964,0.9009928107261658
267,1.0669759767610671,0.007788968495394489,0.9787208437919617
268,-0.681384873316129,2.7796696595754224,0.9858492612838745
269,-0.4837440815682721,1.9036288385604903,0.8959764838218689
270,-0.45333780591475564,1.4249577628812002,0.7403781414031982
271,-0.4381346680879974,0.9848067488932978,0.5542396306991577
272,-0.3317127033006898,0.4876021825154214,0.36657246947288513
273,-0.012446808938767212,0.04509370554862512,0.19990597665309906
274,0.2308033962893646,0.024577966474626883,0.07402978092432022
275,-0.3013064276471733,0.08999561743826417,-0.0013137320056557655
276,0.27641280976963933,0.10485904322472747,-0.047406651079654694
277,-0.3621189789542062,0.09159089257001542,-0.05947910621762276
278,-0.5901660463555796,0.27808455401972204,-0.06282881647348404
279,-0.5597597707020632,0.23505350826591348,-0.07493659853935242
280,0.033162604541507504,0.017283126199721718,-0.0983026996254921
281,0.1547877071555734,0.07175878588714771,-0.11309059709310532
282,0.06356888019502398,0.03029015316537417,-0.11047178506851196
283,-0.4989472193950303,0.16347782180485268,-0.09462331235408783
284,-0.5141503572217886,0.18180987918979938,-0.08775866031646729
285,-0.681384873316129,0.3423781405722822,-0.09625399857759476
286,-0.13407191155283296,0.0001235412889207176,-0.12295699864625931
287,2.009570522020077,4.6540272920324535,-0.1477489471435547
288,-0.681384873316129,0.3372472325933939,-0.1006549596786499
289,-0.681384873316129,0.39138648098783574,-0.05577598512172699
290,-0.5749629085288214,0.2853119391814785,-0.04081691801548004
291,-0.5141503572217885,0.2107146054465264,-0.05511375144124031
292,-0.5141503572217886,0.18106606679051893,-0.088631771504879
293,-0.3165095654739315,0.034172039444903976,-0.13165275752544403
294,-0.3165095654739315,0.02115760166190239,-0.17105303704738617
295,-0.45333780591475553,0.06342551605622586,-0.20149357616901398
296,-0.5293534950485468,0.09208464203917154,-0.22589898109436035
297,-0.544556632875305,0.08799769954427077,-0.24791257083415985
298,-0.6053691841823379,0.1131937992037987,-0.26892632246017456
299,0.07877201802178221,0.13636141619116662,-0.2904994487762451
300,0.5044598771710124,0.6363424658047098,-0.2932508885860443
301,-0.4381346680879973,0.030967953273058492,-0.26215752959251404
302,-0.3621189789542063,0.017893095625945554,-0.22835390269756317
303,-0.28610328982041516,0.0068705446681472495,-0.20321454107761383
304,-0.3621189789542063,0.030508463870177187,-0.1874522566795349
305,-0.3925252546077227,0.04438242368913475,-0.18185389041900635
306,-0.42293153026123914,0.056457834918519974,-0.18532295525074005
307,-0.5749629085288215,0.14364573468254746,-0.19595666229724884
308,-0.681384873316129,0.2173849905616714,-0.215139240026474
309,-0.8334162515837112,0.34815544473524307,-0.24336926639080048
310,-0.818213113756953,0.28807125500166314,-0.28149041533470154
311,-0.8334162515837112,0.2581554658643125,-0.32532623410224915
312,-0.75740056244992,0.14963276237364212,-0.3705766201019287
313,-0.4381346680879974,0.0007043467673139822,-0.4115951359272003
314,-0.34691584112744794,0.008198542492279469,-0.43746164441108704
315,-0.22529073851338222,0.04798632209307733,-0.44434854388237
316,-0.22529073851338222,0.04266488840029709,-0.4318455457687378
317,-0.4685409437415139,0.004055696603654262,-0.4048565924167633
318,-0.8334162515837112,0.20881820755642708,-0.37644994258880615
319,-0.818213113756953,0.20727601104661791,-0.3629373610019684
320,-0.8334162515837112,0.2177827291911428,-0.3667442798614502
321,0.06356888019502414,0.2009226261045515,-0.3846750557422638
322,0.8389289093596934,1.5041412179597633,-0.387505441904068
323,0.8997414606667261,1.551357302474985,-0.3457934856414795
324,1.1125853902413418,1.8787856367942233,-0.2581026256084442
325,1.142991665894858,1.6252676738805327,-0.13186819851398468
326,1.142991665894858,1.269462315133225,0.016287483274936676
327,1.0517728389343084,0.781458730185622,0.16777129471302032
328,0.8389289093596934,0.2854675419053581,0.30463728308677673
329,0.8389289093596934,0.1832990499248718,0.41079452633857727
330,0.9453508741470011,0.21321302525404529,0.483600914478302
331,0.9909602876272758,0.21189124966674666,0.5306438207626343
332,1.1125853902413418,0.305142552535735,0.5601882934570312
333,1.1277885280680997,0.29806678239219997,0.5818336009979248
334,1.2342104928554074,0.402137793655141,0.600067138671875
335,1.2950230441624404,0.4561696406520682,0.6196197271347046
336,1.2950230441624404,0.4259192151798619,0.6423981785774231
337,1.082179114587825,0.17247225581341175,0.6668813228607178
338,1.887945419406011,1.448571022426297,0.6843794584274292
339,2.5720866216101315,3.43940586313511,0.7175230979919434
340,1.2950230441624404,0.26003970388546505,0.7850821614265442
341,1.0061634254540341,0.02708953727127046,0.8415744304656982
342,0.9909602876272758,0.015602668059166203,0.8660496473312378
343,1.0517728389343084,0.036987805932457075,0.8594506978988647
344,1.0821791145878252,0.06219150308664553,0.8327968716621399
345,1.1733979415483746,0.14142806649917325,0.7973287105560303
346,1.903148557232769,1.29823922122936,0.7637455463409424
347,1.5990858006976048,0.7068589116751566,0.7583367824554443
348,1.5230701115638134,0.564088025383106,0.7720121741294861
349,1.279819906335682,0.23577719667486438,0.7942509651184082
350,0.7629132202259022,0.002321426399230779,0.8110944032669067
351,-0.6661817354893708,2.160550476618462,0.8036993741989136
352,-0.5597597707020632,1.664866672456006,0.7305373549461365
353,-0.37732211678096444,0.9652451050609289,0.6051467657089233
354,0.35242849890343053,0.01089824116959914,0.4568231403827667
355,1.4166481467765062,1.180862718545674,0.3299730718135834
356,-0.16447818720634944,0.19044449239991532,0.2719212770462036
357,-0.5141503572217885,0.5618394630937569,0.23540915548801422
358,-0.6053691841823379,0.6350391491014484,0.19152425229549408
359,-0.6053691841823379,0.5438647112037788,0.13210265338420868
360,-0.7726037002766784,0.6951456915744795,0.06115027517080307
361,-0.8334162515837112,0.6637652628558341,-0.018698347732424736
362,-0.7878068381034365,0.4696469851462699,-0.10249888896942139
363,-0.681384873316129,0.2485423505493488,-0.18284465372562408
364,-0.681384873316129,0.18436721985544233,-0.25200483202934265
365,-0.7117911489696455,0.16350702364610145,-0.3074311316013336
366,-0.6965880111428872,0.11983782297346719,-0.3504120111465454
367,-0.6053691841823379,0.04963258512811703,-0.38258546590805054
368,-0.6053691841823379,0.04065633946584806,-0.4037350118160248
369,-0.6053691841823379,0.035924034274492075,-0.4158328175544739
370,-0.6053691841823379,0.03379043265092405,-0.42154744267463684
371,-0.6965880111428872,0.07464180997359396,-0.4233814775943756
372,-0.5293534950485468,0.010741852037696377,-0.4257105886936188
373,-0.45333780591475564,0.00076315939214954,-0.4257124662399292
374,-0.6053691841823379,0.03400444664059775,-0.420966237783432
375,-0.6053691841823379,0.03582795901764259,-0.41608643531799316
376,-0.6053691841823379,0.03694576963106925,-0.4131563603878021
377,-0.6205723220090961,0.043235910279853206,-0.412639856338501
378,-0.6053691841823379,0.036391340997927984,-0.4146040380001068
379,-0.5445566328753049,0.016004646749908088,-0.418047159910202
380,-0.45333780591475564,0.0010764172264064807,-0.42052900791168213
381,-0.4989472193950303,0.006412871459110876,-0.4188668131828308
382,-0.681384873316129,0.0714052395239181,-0.41416728496551514
383,-0.75740056244992,0.11884510831837602,-0.4126613736152649
384,-0.75740056244992,0.11522550790051861,-0.4179517328739166
385,-0.75740056244992,0.10754652477559801,-0.4294576942920685
386,-0.75740056244992,0.09760649892983793,-0.4449801743030548
387,-0.75740056244992,0.08717876813906739,-0.4621400535106659
388,-0.4989472193950303,0.0003971736761447631,-0.4790180027484894
389,-0.45333780591475564,0.0011786957579077357,-0.4876699447631836
390,-0.4381346680879974,0.0022443337455919717,-0.48550906777381897
391,-0.3925252546077227,0.0066128969625858375,-0.473844975233078
392,-0.5293534950485468,0.0055808860545421505,-0.4546481668949127
393,-0.6205723220090961,0.0344989222576073,-0.43483346700668335
394,-0.6053691841823379,0.03422610496132643,-0.42036619782447815
395,-0.6053691841823379,0.0372747468390144,-0.41230249404907227
396,-0.6053691841823379,0.038259957233268346,-0.40976765751838684
397,-0.7117911489696455,0.09035295046005606,-0.4112034738063812
398,-0.5749629085288214,0.024686745541919214,-0.4178427457809448
399,-0.45333780591475564,0.0008016849484921436,-0.42502376437187195
400,-0.45333780591475564,0.0006758207860467306,-0.4273412525653839
401,-0.5749629085288214,0.022833174682201984,-0.4238564074039459
402,-0.6053691841823379,0.034725397514097915,-0.4190216660499573
403,-0.8030099759301947,0.1499176909684377,-0.41581791639328003
404,-0.8334162515837112,0.17069197098212874,-0.42026740312576294
405,-0.818213113756953,0.148141572828573,-0.433321475982666
406,-0.7269942867964037,0.07546929033273592,-0.4522775411605835
407,-0.681384873316129,0.04399866674072232,-0.47162628173828125
408,-0.681384873316129,0.037654244353037235,-0.4873378574848175
409,-0.5445566328753049,0.00214622223319179,-0.4982292950153351
410,-0.544556632875305,0.0018887998181576337,-0.5010963082313538
411,-0.5749629085288214,0.00615460649783366,-0.4965116083621979
412,-0.37732211678096444,0.01213098076706396,-0.4874628484249115
413,1.0517728389343084,2.319640954749702,-0.47126391530036926
414,0.9909602876272758,1.9620518842468642,-0.4097723364830017
415,1.0365697011075505,1.7906677049703659,-0.30158862471580505
416,1.0669759767610667,1.5057665730155678,-0.16012082993984222
417,0.9149445984934846,0.8437972304421713,-0.0036397636868059635
418,0.9757571498005173,0.689545529880898,0.14536836743354797
419,0.4284441880372214,0.023431633502955712,0.2753702402114868
420,-0.6205723220090961,0.9685338315062237,0.36356884241104126
421,-0.6053691841823379,0.9640748406261233,0.37650394439697266
422,-0.6053691841823379,0.8638975402434724,0.32409170269966125
423,-0.6053691841823379,0.6971108278721697,0.229562446475029
424,-0.6357754598358544,0.5654652433928256,0.11619877070188522
425,-0.681384873316129,0.4658955702523555,0.001180559629574418
426,-0.681384873316129,0.3320510693483209,-0.1051461473107338
427,-0.681384873316129,0.23503361940677178,-0.19658221304416656
428,-0.6661817354893708,0.15642578719270928,-0.2706747353076935
429,-0.8334162515837112,0.256149484844985,-0.3273041248321533
430,-0.7726037002766784,0.1598096203949214,-0.3728417456150055
431,-0.4837440815682721,0.0055985599325483176,-0.408920556306839
432,-0.37732211678096444,0.002722486264924423,-0.4294995665550232
433,-0.37732211678096444,0.003046648626269916,-0.4325185716152191
434,-0.37732211678096444,0.0019461566869359717,-0.4214373826980591
435,-0.4685409437415138,0.004495001424402657,-0.40149617195129395
436,-0.605369184182338,0.05071708083676175,-0.38016465306282043
437,-0.6661817354893708,0.09055878456743392,-0.3652518689632416
438,-0.24049387634014038,0.014382629819374777,-0.36042147874832153
439,0.18519398280908989,0.28996479813709203,-0.35328981280326843
440,0.1547877071555734,0.23331099356800036,-0.32823505997657776
441,0.24600653411612267,0.28250111766258273,-0.2855018079280853
442,0.5044598771710124,0.5372868368679505,-0.2285386472940445
443,0.6108818419583202,0.5891588258586571,-0.1566849797964096
444,0.6108818419583202,0.4677848389212057,-0.07306613773107529
445,0.6108818419583202,0.35552536482473257,0.014622364193201065
446,0.48925673934425434,0.15259768109799762,0.09861920773983002
447,0.3980379123837049,0.05226007075686136,0.16943329572677612
448,0.3828347745569468,0.026183944690541725,0.22102023661136627
449,0.36763163673018856,0.013038805926530455,0.25344404578208923
450,0.32202222324991386,0.0027310240461704796,0.2697630226612091
451,0.48925673934425434,0.04672017206454565,0.27310824394226074
452,0.7173038067456275,0.1973145431736719,0.2731027901172638
453,0.9605540119737593,0.4618079287882922,0.28098949790000916
454,1.0669759767610671,0.5795411973010078,0.3056999444961548
455,1.7055077654849125,1.8430775544032032,0.3479078412055969
456,0.930147736320243,0.2595976254933856,0.4206404983997345
457,0.7173038067456275,0.05084446241197429,0.4918166399002075
458,0.7781163580526609,0.05596717609118889,0.5415425300598145
459,0.8389289093596934,0.07307762312565388,0.5686001777648926
460,0.6868975310921114,0.01162284948587886,0.5790882110595703
461,1.994367384193319,2.017155498652157,0.5741013884544373
462,2.2832270029017248,2.838382953875718,0.5984768867492676
463,2.6024928972636476,3.758659106062552,0.6637667417526245
464,2.648102310743922,3.541224493131013,0.766288161277771
465,2.617696035090406,2.9933537531310423,0.8875648975372314
466,2.5872897594368895,2.498332827189278,1.0066782236099243
467,2.617696035090406,2.27765215110324,1.1085067987442017
468,2.146398762460901,0.9204029135428311,1.1870224475860596
469,1.9791642463665604,0.5613233105110195,1.2299491167068481
470,0.6716943932653532,0.3204557200550114,1.2377824783325195
471,-0.012446808938767043,1.4347404721810355,1.1853597164154053
472,-0.14927504937959102,1.4797542776395098,1.0671764612197876
473,-0.0732593602458,0.9506365660892815,0.9017465710639954
474,0.07877201802178221,0.40828168068232,0.7177412509918213
475,-0.10366563589931631,0.41830100682448174,0.5430963039398193
476,-0.14927504937959102,0.28891635130925747,0.38823434710502625
477,-0.14927504937959102,0.1664925328325352,0.25875991582870483
478,-0.0732593602458,0.052967742575394924,0.15688785910606384
479,1.0517728389343084,0.937030564663775,0.08376944810152054
480,-0.14927504937959102,0.04801083960610304,0.06983871012926102
481,-0.14927504937959102,0.05019207275896343,0.07476082444190979
482,0.3068190854231556,0.051459708819620385,0.07997176051139832
483,-0.2556970141668987,0.12116477229181329,0.09239029139280319
484,-0.1948844628598659,0.08375548368884557,0.0945209339261055
485,-0.14927504937959102,0.05472005145270662,0.08464812487363815
486,1.234210492855407,1.3629366437786568,0.06676171720027924
487,1.4470544224300226,1.8511128467585418,0.08649834245443344
488,1.3102261819891985,1.333083104638299,0.15563400089740753
489,1.3710387332962315,1.2390347807807125,0.2579193413257599
490,1.4470544224300226,1.148263000656109,0.37548407912254333
491,1.7055077654849125,1.4681859850990364,0.49382051825523376
492,3.271430961641009,7.090508318227275,0.6086301207542419
493,3.286634099467768,6.406445419676795,0.7555384039878845
494,5.551901635654743,21.428011873144758,0.9228615760803223
495,4.350853747340844,10.359761088802706,1.1321954727172852
496,5.187026327812546,14.877212715578878,1.3299273252487183
497,4.077197266459196,6.631643549697233,1.5019994974136353
498,3.3778529264283175,3.094330790712575,1.6187819242477417
499,0.5500692906512873,1.2566882479146677,1.6710903644561768
500,5.597511049135018,15.849199598041283,1.616405725479126
501,3.636306269483207,4.223556819758835,1.5811768770217896
502,3.818743923404306,5.152377023380284,1.5488591194152832
503,2.997774480759362,2.1719720743036635,1.5240132808685303
504,0.033162604541507504,2.1272299496063183,1.491665244102478
505,0.07877201802178221,1.7146385957224972,1.388214111328125
506,0.07877201802178221,1.3093456329836612,1.2230384349822998
507,0.139584569328815,0.7765612152576251,1.020811676979065
508,0.2308033962893646,0.335672700262587,0.8101760745048523
509,0.21560025846260636,0.16072100115054994,0.6165004968643188
510,0.07877201802178221,0.14111581753703437,0.4544258713722229
511,0.07877201802178221,0.06127282896456283,0.3263055086135864
512,-0.3925252546077227,0.3898968019533599,0.2318919152021408
513,-0.7269942867964037,0.7757112116264653,0.15375040471553802
514,-0.681384873316129,0.5744043863711293,0.07650983333587646
515,-0.681384873316129,0.4641320307248328,-0.00011251168325543404
516,-0.681384873316129,0.3700155169719521,-0.07309586554765701
517,-0.6357754598358544,0.24640391775812132,-0.13938456773757935
518,-0.6053691841823379,0.16770195929673817,-0.19585488736629486
519,-0.6053691841823379,0.13272204761088494,-0.241058811545372
520,-0.6053691841823379,0.10860045371531549,-0.27582335472106934
521,-0.6053691841823379,0.0920244261017027,-0.30201390385627747
522,-0.75740056244992,0.18979625529760044,-0.321744441986084
523,-0.7269942867964037,0.14898727132311054,-0.3410055935382843
524,0.656491255438595,1.0350051940893474,-0.36086079478263855
525,0.9909602876272758,1.780401502012858,-0.34335657954216003
526,0.9909602876272758,1.5986930985106824,-0.2734340727329254
527,0.9909602876272758,1.3256721072192994,-0.1604180634021759
528,1.1125853902413418,1.289854257311019,-0.023132117465138435
529,1.142991665894858,1.0408280524346654,0.12278185784816742
530,1.142991665894858,0.7741738939758088,0.2631201446056366
531,1.2038042172018908,0.6672392469074039,0.3869570791721344
532,0.04836574236826574,0.1951240959070653,0.49009427428245544
533,-0.7421974246231618,1.6309061514450824,0.5348719358444214
534,-0.681384873316129,1.3931830368709661,0.498946875333786
535,-0.681384873316129,1.1723262750592391,0.4013552963733673
536,-0.681384873316129,0.9038094610424948,0.2693040668964386
537,-0.742197424623162,0.7556834629433018,0.12710313498973846
538,-0.7726037002766784,0.5823625927471463,-0.00947684794664383
539,-0.6053691841823379,0.2250298012169851,-0.13099612295627594
540,-0.6053691841823379,0.1423946803840264,-0.22801698744297028
541,-0.6053691841823379,0.09374619487798269,-0.29918918013572693
542,-0.6053691841823379,0.06651891426410221,-0.34745657444000244
543,-0.681384873316129,0.09230807494723904,-0.37756243348121643
544,-0.6965880111428872,0.09001933890582636,-0.3965557813644409
545,-0.681384873316129,0.07392467255601874,-0.40949395298957825
546,-0.5749629085288214,0.02434374077098816,-0.4189381003379822
547,-0.6357754598358544,0.044986617421569626,-0.42367497086524963
548,-0.6053691841823379,0.032176832781145664,-0.42599016427993774
549,-0.5749629085288214,0.022000179115607393,-0.42663833498954773
550,-0.37732211678096444,0.0023333438087225146,-0.42562681436538696
551,-0.4685409437415138,0.0025270817072583587,-0.41827085614204407
552,-0.6053691841823379,0.03928559925656376,-0.40716323256492615
553,-0.5901660463555796,0.03675830416337731,-0.39844149351119995
554,-0.605369184182338,0.044751738532806076,-0.39382311701774597
555,-0.681384873316129,0.08284129216351908,-0.39356324076652527
556,-0.6965880111428872,0.08868775465815695,-0.3987831175327301
557,-0.8334162515837112,0.1802917430661789,-0.40880849957466125
558,-0.8030099759301947,0.1425682137438548,-0.4254279136657715
559,-0.75740056244992,0.09679468612917995,-0.44628211855888367
560,-0.7117911489696455,0.05968525624513284,-0.4674854874610901
561,-0.6053691841823379,0.014354861917867522,-0.4855574071407318
562,-0.6053691841823379,0.011839125662960389,-0.4965614378452301
563,-0.5445566328753049,0.001958175629424668,-0.5003053545951843
564,-0.42293153026123925,0.005450041672128152,-0.4967559278011322
565,-0.6053691841823379,0.014595871214616972,-0.48455581068992615
566,-0.544556632875305,0.005483348733750577,-0.4705069959163666
567,-0.6053691841823379,0.022132772510262095,-0.45659831166267395
568,-0.6053691841823379,0.025515469499036228,-0.44563356041908264
569,-0.6053691841823379,0.027881624407996016,-0.4383912682533264
570,-0.5749629085288214,0.019719077700739565,-0.4345382750034332
571,-0.5749629085288214,0.02030079961562455,-0.4324820339679718
572,-0.5293534950485468,0.009618997534506107,-0.43127700686454773
573,-0.14927504937959102,0.0783621456648388,-0.429207444190979
574,-0.0732593602458,0.11724321450397061,-0.415667325258255
575,-0.0732593602458,0.09886323986275217,-0.3876846134662628
576,-0.34691584112744794,2.9689049082215043e-06,-0.3486388921737671
577,0.9909602876272758,1.69686780838249,-0.3116784989833832
578,0.9453508741470015,1.4148587956096752,-0.24412749707698822
579,-0.3013064276471733,0.024600004858351118,-0.14446254074573517
580,-0.34691584112744794,0.08112500740647875,-0.062091320753097534
581,-0.37732211678096444,0.13100124864055282,-0.015381170436739922
582,-0.3013064276471733,0.088134654314269,-0.004431615117937326
583,-0.0732593602458,0.0030232636728359298,-0.018275147303938866
584,-0.0732593602458,0.0011434254608340768,-0.03944478556513786
585,0.06356888019502398,0.015033446036200217,-0.0590420737862587
586,-0.08846249807255807,0.00036552555239393735,-0.06934377551078796
587,-0.22529073851338222,0.0229222308232527,-0.0738898441195488
588,-0.22529073851338222,0.021381562771605918,-0.07906638085842133
589,-0.22529073851338222,0.019236518538151927,-0.08659496158361435
590,-0.34691584112744794,0.0629225375568415,-0.09607218950986862
591,-0.37732211678096444,0.07149143538775929,-0.10994329303503036
592,-0.11886877372607454,8.691463120017411e-05,-0.12819157540798187
593,1.4014450089497477,2.380523315921531,-0.1414494514465332
594,1.4470544224300226,2.4004849144475306,-0.1022954136133194
595,1.4318512846032645,2.067820345345729,-0.006140490528196096
596,1.3710387332962315,1.5411701571792151,0.12959998846054077
597,1.2950230441624404,1.030619319569915,0.279828816652298
598,1.142991665894858,0.5204330907409933,0.4215811789035797
599,1.142991665894858,0.36743629108437365,0.5368264317512512
600,1.158194803721616,0.2891443243055848,0.6204733848571777
601,0.8389289093596934,0.0267960363962166,0.6752339601516724
602,-0.37732211678096444,1.1540553698530087,0.6969475746154785
603,-0.28610328982041516,0.8852986601740245,0.6547998189926147
604,0.033162604541507504,0.2804992815662011,0.5627844333648682
605,0.07877201802178221,0.13990161728572859,0.4528062641620636
606,0.07877201802178221,0.0716880438387059,0.34651824831962585
607,0.12438143150205694,0.017204770415516827,0.2555483877658844
608,0.0027563288879911955,0.033545748094927365,0.18591131269931793
609,-0.3013064276471733,0.18951849231729156,0.1340307891368866
610,-0.3013064276471733,0.1513243791685313,0.08769791573286057
611,-0.3013064276471733,0.11905102975443925,0.04373129457235336
612,-0.3013064276471733,0.09226626829376598,0.002447203267365694
613,-0.27090015199365686,0.05568142999194996,-0.03493102267384529
614,-0.3013064276471733,0.05512185470907989,-0.06652598828077316
615,-0.10366563589931631,0.0001186896569275666,-0.09277115762233734
616,-0.04285308459228352,0.004299798073539779,-0.10842593014240265
617,0.0027563288879911955,0.013165696907368402,-0.11198554188013077
618,-0.042853084592283354,0.0038096280387075773,-0.1045752689242363
619,-0.24049387634014038,0.02231164095576221,-0.0911230593919754
620,-0.3621189789542063,0.07878576164243982,-0.08143096417188644
621,-0.37732211678096444,0.0871534520293274,-0.08210448175668716
622,-0.3165095654739315,0.04979632739301306,-0.09335865825414658
623,-0.3013064276471733,0.03641726648607618,-0.11047334223985672
624,-0.3013064276471733,0.029599100390171385,-0.1292625367641449
625,-0.19488446285986574,0.0022809685927856166,-0.1471249759197235
626,0.07877201802178221,0.056833724944739206,-0.15962623059749603
627,0.06356888019502398,0.049141635018201166,-0.15811024606227875
628,-0.05805622241904176,0.007290294172233851,-0.14343944191932678
629,-0.3317127033006898,0.04339471823522202,-0.12339871376752853
630,-0.5749629085288215,0.2152487269984571,-0.11101385205984116
631,-0.4685409437415139,0.12391000944537488,-0.11653240770101547
632,-0.6661817354893708,0.28140530428683214,-0.13570524752140045
633,-0.5749629085288214,0.1653084439861683,-0.1683814972639084
634,-0.3925252546077227,0.0343448679756014,-0.20720157027244568
635,-0.407728392434481,0.027668885543004063,-0.2413887232542038
636,-0.22529073851338222,0.0017647913877001033,-0.26730015873908997
637,-0.24049387634014038,0.0015262132226313086,-0.2795606553554535
638,-0.22529073851338222,0.002934988363597943,-0.27946627140045166
639,-0.39252525460772275,0.014989512493443111,-0.2700935900211334
640,1.5990858006976048,3.4559984181754206,-0.2599457800388336
641,1.3862418711229898,2.501051180918101,-0.19522933661937714
642,-0.7269942867964035,0.4224736381383643,-0.07701456546783447
643,-0.681384873316129,0.479403844006494,0.011005077511072159
644,-0.681384873316129,0.5269914811271094,0.04455691576004028
645,-0.620572322009096,0.42089563431436233,0.02819237671792507
646,-0.24049387634014038,0.04814379440504349,-0.021076934412121773
647,-0.37732211678096444,0.09079030504335511,-0.07600782066583633
648,-0.4685409437415139,0.11642089809797625,-0.12733587622642517
649,-0.6053691841823379,0.1868943100229813,-0.1730564385652542
650,-0.6965880111428872,0.2312878621507534,-0.21566404402256012
651,-0.8334162515837112,0.3317432172448863,-0.25744470953941345
652,-0.8334162515837112,0.28314663830482184,-0.3013010025024414
653,-0.8334162515837112,0.23766759239032542,-0.3459046185016632
654,-0.8334162515837112,0.19769071783873393,-0.3887920081615448
655,-0.75740056244992,0.10860859653169234,-0.427842378616333
656,-0.6509785976626125,0.03654131233249971,-0.45982077717781067
657,-0.45333780591475564,0.0007856853933096682,-0.48136788606643677
658,-0.49894721939503034,0.00012257854178210817,-0.48787569999694824
659,-0.6661817354893708,0.03385263593436365,-0.482190877199173
660,-0.6053691841823379,0.017514393019674886,-0.47302722930908203
661,-0.7117911489696455,0.06173143167631695,-0.46333304047584534
662,-0.75740056244992,0.08993276188476194,-0.45751264691352844
663,-0.681384873316129,0.05000112365932469,-0.4577755630016327
664,-0.681384873316129,0.048330347167520486,-0.4615432322025299
665,-0.5749629085288214,0.011675198188812864,-0.46691107749938965
666,-0.5293534950485468,0.003536113001815649,-0.46988826990127563
667,-0.5597597707020632,0.008369134161732674,-0.4682767987251282
668,-0.5597597707020632,0.009313489417039942,-0.46325334906578064
669,-0.681384873316129,0.05066340575212412,-0.4562995433807373
670,-0.6357754598358544,0.03380933886411273,-0.4519023001194
671,-0.6053691841823379,0.02410750934674662,-0.4501032531261444
672,-0.7117911489696455,0.06878342416977289,-0.44952520728111267
673,-0.8334162515837112,0.14534226254687674,-0.4521784484386444
674,-0.8334162515837112,0.1386134126863163,-0.4611080288887024
675,-0.681384873316129,0.04236405859532577,-0.4755595624446869
676,-0.681384873316129,0.03684202436576668,-0.4894421100616455
677,-0.6661817354893708,0.02758905741551068,-0.5000821948051453
678,-0.7878068381034365,0.07912575415774199,-0.5065138339996338
679,-0.681384873316129,0.028600030694501403,-0.5122694373130798
680,-0.681384873316129,0.02737809722814757,-0.5159215927124023
681,-0.6509785976626125,0.017883193975277517,-0.5172505378723145
682,-0.5445566328753049,0.0008199484574058882,-0.5159218907356262
683,-0.5901660463555797,0.006467506060865764,-0.5097452402114868
684,-0.6053691841823379,0.011007856945573444,-0.500450849533081
685,-0.5293534950485468,0.0015314366277027773,-0.49021992087364197
686,-0.4989472193950303,0.00041872851787994416,-0.4784843623638153
687,-0.6053691841823379,0.019703197298991924,-0.46500110626220703
688,-0.8334162515837112,0.14438667729561444,-0.4534337818622589
689,-0.7726037002766784,0.10333399501635453,-0.4511476457118988
690,-0.681384873316129,0.05029454567218423,-0.457120418548584
691,-0.681384873316129,0.04625770347570256,-0.4663088321685791
692,-0.6509785976626125,0.030719225981015116,-0.47570958733558655
693,-0.6053691841823379,0.014964333299211789,-0.48304039239883423
694,-0.6205723220090961,0.017979424721342563,-0.48648494482040405
695,-0.681384873316129,0.037960974970725724,-0.48654910922050476
696,-0.6661817354893708,0.03253264716183141,-0.4858136475086212
697,-0.8334162515837112,0.12134858530419747,-0.4850650131702423
698,-0.8334162515837112,0.11867706969419783,-0.4889208674430847
699,-0.8334162515837112,0.11259956834862475,-0.4978576600551605
700,-0.75740056244992,0.06098587287650876,-0.5104473829269409
701,-0.681384873316129,0.025122032008052353,-0.5228855609893799
702,-0.6053691841823379,0.005471348348528153,-0.5314006209373474
703,-0.34691584112744794,0.03472987244716274,-0.5332753658294678
704,-0.24049387634014038,0.07941382068799288,-0.5222984552383423
705,-0.4381346680879974,0.003420126130157637,-0.49661651253700256
706,-0.5445566328753051,0.0062926740175454085,-0.465230256319046
707,-0.6965880111428872,0.06737482328162393,-0.437021404504776
708,-0.8334162515837112,0.17118592315141956,-0.419670045375824
709,-0.8334162515837112,0.17286567794964444,-0.41764506697654724
710,-0.8334162515837112,0.16365278087388707,-0.42887604236602783
711,-0.75740056244992,0.0951815986593006,-0.44888541102409363
712,-0.681384873316129,0.04418882355076086,-0.471173495054245
713,-0.45333780591475564,0.0013437828538550372,-0.48999544978141785
714,-0.45333780591475564,0.0019460744589412065,-0.49745213985443115
715,1.097382252414583,2.529132098096914,-0.49294227361679077
716,0.9757571498005176,1.9957716309559759,-0.4369606673717499
717,0.8389289093596934,1.3667121377564757,-0.3301357328891754
718,0.960554011973759,1.3304004400807055,-0.19287584722042084
719,0.9909602876272758,1.0677800270514664,-0.0423741340637207
720,0.9909602876272758,0.7834504710355521,0.10583291202783585
721,0.9909602876272758,0.5646527889839598,0.23952646553516388
722,1.0973822524145835,0.5564450757968611,0.3514297902584076
723,0.1243814315020571,0.10107795276788743,0.44230902194976807
724,-0.08846249807255807,0.326246231740024,0.4827171862125397
725,-0.0732593602458,0.29377466349469494,0.4687504768371582
726,-0.012446808938767212,0.18284037047862367,0.41515156626701355
727,-0.19488446285986574,0.28806345464281924,0.3418309688568115
728,-0.45333780591475564,0.5069106862172355,0.25863879919052124
729,-0.1796813250331075,0.12089995920185088,0.16802538931369781
730,1.142991665894858,1.1183118938741539,0.08548899739980698
731,0.0027563288879911955,0.0030167393286378305,0.05768118053674698
732,0.07877201802178221,0.000629534081751944,0.053681500256061554
733,0.1091782936752987,0.002437453026565911,0.05980772525072098
734,0.2308033962893646,0.026024001975812765,0.06948383152484894
735,0.2612096719428811,0.031825927377153125,0.08281144499778748
736,0.3980379123837049,0.08933535028666384,0.09914771467447281
737,0.44364732586397976,0.104174706424572,0.12088625878095627
738,0.33722536107667195,0.03589580598179157,0.1477634757757187
739,0.1243814315020571,0.0024360019943177403,0.1737373024225235
740,0.07877201802178221,0.012180448289928135,0.18913708627223969
741,0.07877201802178221,0.012663862434001548,0.19130584597587585
742,0.1091782936752987,0.0053946128518316296,0.18262632191181183
743,0.27641280976963933,0.011753544595191252,0.1679990440607071
744,0.3524284989034302,0.03843375864187579,0.1563832014799118
745,0.48925673934425434,0.11315425434261023,0.15287265181541443
746,0.6260849797850785,0.21582943590150122,0.16151051223278046
747,1.2342104928554074,1.1021530852877606,0.18437570333480835
748,1.142991665894858,0.8222607662521131,0.23620571196079254
749,0.3828347745569468,0.0054719448168336,0.30886217951774597
750,1.6294920763511211,1.5947908465585703,0.3666417896747589
751,0.5804755663048038,0.020371587793114328,0.43774649500846863
752,0.04836574236826574,0.1955272176946591,0.49055033922195435
753,0.07877201802178221,0.17829206161860847,0.5010184645652771
754,0.7933194958794191,0.1022411001808502,0.4735678732395172
755,0.9149445984934846,0.2225146876061531,0.4432299733161926
756,0.8997414606667264,0.22355131576106757,0.4269293248653412
757,0.7021006689188694,0.07568976518183049,0.42698293924331665
758,-0.1340719115528328,0.32253423730782405,0.4338490664958954
759,-0.37732211678096444,0.630030920726329,0.4164227545261383
760,-0.6965880111428872,1.1273343818707295,0.36517202854156494
761,-0.75740056244992,1.074180764168823,0.2790263593196869
762,-0.7421974246231618,0.831088094197767,0.16944290697574615
763,-0.6053691841823379,0.432022710831429,0.051915161311626434
764,-0.6053691841823379,0.3005431927682927,-0.057150986045598984
765,-0.6053691841823379,0.20775558304380787,-0.14956705272197723
766,-0.3925252546077227,0.02882340663874334,-0.2227506786584854
767,-0.21008760068662397,0.003803332505574832,-0.2717587649822235
768,-0.45333780591475564,0.025455308156798504,-0.2937906086444855
769,-0.4077283924344809,0.011523237686715282,-0.3003820478916168
770,-0.4989472193950303,0.04031867237426351,-0.2981521189212799
771,-0.7117911489696455,0.17419964295871282,-0.2944188416004181
772,-0.544556632875305,0.060594753329993575,-0.29839661717414856
773,0.8389289093596934,1.313106577270674,-0.3069797158241272
774,0.8389289093596934,1.2496304146393853,-0.27893978357315063
775,0.8389289093596934,1.0963503691395364,-0.2081385999917984
776,0.8389289093596934,0.8919977221224452,-0.10552740097045898
777,1.0669759767610671,1.1118355796161359,0.012539833784103394
778,1.1733979415483744,1.0725079863086333,0.13777832686901093
779,1.2494136306821655,0.9741307802287029,0.2624329924583435
780,0.5500692906512876,0.02901962122153716,0.3797178268432617
781,-0.4381346680879973,0.808594817389271,0.4610843360424042
782,-0.6357754598358544,1.2270867145453301,0.4719640016555786
783,-0.5293534950485468,0.8906558865082473,0.4143921732902527
784,-0.5293534950485468,0.7104424848035513,0.3135240077972412
785,-0.5293534950485468,0.5228607263491961,0.19373759627342224
786,-0.5293534950485468,0.36375427635385815,0.07376695424318314
787,-0.45333780591475564,0.17552655141752085,-0.03437891602516174
788,-0.4077283924344809,0.08137201953128126,-0.12247058004140854
789,-0.37732211678096444,0.03604315143874216,-0.18747177720069885
790,-0.34691584112744794,0.013583992471351244,-0.23036545515060425
791,-0.37732211678096444,0.015138137540838677,-0.25428497791290283
792,-0.4989472193950303,0.05477665059817351,-0.26490309834480286
793,-0.6509785976626126,0.14471241684607586,-0.27056774497032166
794,-0.681384873316129,0.16143954274992314,-0.2795894742012024
795,-0.681384873316129,0.1495241105319042,-0.29470139741897583
796,-0.681384873316129,0.13431561068949702,-0.3148939311504364
797,-0.6965880111428872,0.12866161269204304,-0.33789369463920593
798,-0.681384873316129,0.1021104245381008,-0.3618376553058624
799,-0.5141503572217886,0.016777948498042344,-0.38462063670158386
800,-0.45333780591475564,0.0027845980570676654,-0.40056851506233215
801,-0.45333780591475564,0.002138481152748149,-0.4070940911769867
802,-0.6053691841823379,0.040002321343026705,-0.40536338090896606
803,-0.4077283924344809,3.2385223901877666e-05,-0.4020375907421112
804,-0.6205723220090961,0.050942608530838686,-0.3948676288127899
805,-0.6053691841823379,0.046402918048630164,-0.3899558186531067
806,-0.6053691841823379,0.046857638158325575,-0.3889029324054718
807,-0.6053691841823379,0.04577778299628882,-0.39141175150871277
808,-0.6509785976626126,0.06478601414246773,-0.39644762873649597
809,-0.681384873316129,0.07690319743923006,-0.4040706157684326
810,-0.5141503572217886,0.009986682793624958,-0.4142169654369354
811,-0.4077283924344809,0.00018838364416156318,-0.42145368456840515
812,-0.6053691841823379,0.033869662602216744,-0.42133206129074097
813,-0.6053691841823379,0.03462948670976946,-0.41927918791770935
814,-0.5901660463555796,0.02967125921318191,-0.4179125726222992
815,-0.75740056244992,0.1154357003067331,-0.4176422655582428
816,-0.7726037002766784,0.12237767970029158,-0.42277848720550537
817,-0.75740056244992,0.1047092347772886,-0.4338124990463257
818,-0.681384873316129,0.05416952920841773,-0.4486413896083832
819,-0.681384873316129,0.04767658155527797,-0.4630351960659027
820,-0.681384873316129,0.04259626839678922,-0.4749962389469147
821,-0.5141503572217886,0.0009120190344120698,-0.4839507043361664
822,-0.6053691841823379,0.014311425499366972,-0.4857388138771057
823,-0.4381346680879974,0.0019949285944263467,-0.4827992916107178
824,-0.37732211678096444,0.009143913381754992,-0.4729459285736084
825,-0.4077283924344809,0.002300086769644071,-0.45568761229515076
826,-0.6053691841823379,0.029340534333094175,-0.4340783953666687
827,-0.5749629085288214,0.025116821331982054,-0.41648003458976746
828,-0.605369184182338,0.040177552904573754,-0.40492579340934753
829,-0.681384873316129,0.07922494856537575,-0.3999156057834625
830,-0.681384873316129,0.07790585051571589,-0.4022686779499054
831,-0.7726037002766784,0.13118668228325484,-0.4104066789150238
832,-0.6053691841823379,0.03274864768297173,-0.4244033098220825
833,-0.6053691841823379,0.02802922808173984,-0.43794986605644226
834,-0.6053691841823379,0.02468270287975396,-0.44826188683509827
835,-0.6053691841823379,0.022695143642036498,-0.4547201097011566
836,-0.6509785976626125,0.03732829932394305,-0.45777326822280884
837,-0.7269942867964035,0.07156579774199855,-0.45947644114494324
838,-0.681384873316129,0.047762842627023176,-0.46283775568008423
839,-0.681384873316129,0.04585161699418844,-0.46725496649742126
840,-0.6965880111428872,0.05041325831591918,-0.472059041261673
841,-0.8334162515837112,0.12693375882299407,-0.47713860869407654
842,-0.8334162515837112,0.12087978719901404,-0.4857385456562042
843,-0.5141503572217886,0.0002636681263945362,-0.4979124963283539
844,-0.37732211678096444,0.01608958419081308,-0.504166841506958
845,-0.37732211678096444,0.014677136583024242,-0.49847134947776794
846,-0.34691584112744794,0.01814254055555201,-0.48161008954048157
847,-0.27090015199365686,0.034397858092380336,-0.45636674761772156
848,-0.5749629085288215,0.02259700374854369,-0.42463991045951843
849,-0.681384873316129,0.08021375690390985,-0.3981645405292511
850,-0.7726037002766784,0.1510141998701422,-0.38399824500083923
851,-0.8334162515837112,0.20138240906848662,-0.3846597373485565
852,-0.8334162515837112,0.1887496240313408,-0.39896300435066223
853,-0.8030099759301947,0.1447608881180629,-0.42253541946411133
854,-0.6053691841823379,0.02420264746624342,-0.4497971832752228
855,-0.6053691841823379,0.01787439557308246,-0.47167402505874634
856,-0.4837440815682721,2.2594388816013623e-06,-0.4852472245693207
857,-0.45333780591475564,0.0011854378793938157,-0.4877679944038391
858,-0.5141503572217886,0.00117353801047884,-0.47989341616630554
859,-0.6661817354893708,0.03997586785002853,-0.46624207496643066
860,-0.8030099759301947,0.12147279626890922,-0.45448049902915955
861,-0.8334162515837112,0.14620002018438408,-0.4510551393032074
862,-0.8334162515837112,0.1415225523492297,-0.4572214186191559
863,-0.75740056244992,0.08211502183443292,-0.4708433747291565
864,-0.6661817354893708,0.03215262695969989,-0.4868701994419098
865,-0.3621189789542062,0.01899154739731838,-0.4999288022518158
866,-0.22529073851338222,0.07567520554002564,-0.5003820061683655
867,-0.22529073851338222,0.06685238431107146,-0.48384901881217957
868,-0.3165095654739315,0.018699598517258813,-0.4532560408115387
869,-0.5141503572217884,0.009500468943694804,-0.4166800081729889
870,-0.8334162515837112,0.2007053192702943,-0.3854147791862488
871,-0.8334162515837112,0.21268679975261337,-0.3722364604473114
872,-0.8334162515837112,0.2075488408472067,-0.37784096598625183
873,-0.8334162515837112,0.18999330011129453,-0.397534042596817
874,-0.8334162515837112,0.16651173337061223,-0.42535775899887085
875,-0.75740056244992,0.09079608116206668,-0.4560766816139221
876,-0.45333780591475564,0.0009377025065959785,-0.48395973443984985
877,-0.45333780591475564,0.002057814530056926,-0.49870094656944275
878,-0.45333780591475564,0.002079665291634539,-0.4989411532878876
879,-0.4685409437415139,0.00036462003222939734,-0.4876359701156616
880,-0.7117911489696455,0.058730259538276125,-0.46944788098335266
881,0.5652724284780455,1.0407523847947724,-0.4549002945423126
882,0.8389289093596934,1.567215153152818,-0.41295573115348816
883,0.8693351850132099,1.4409721215082412,-0.33106979727745056
884,0.9909602876272758,1.4566018626178407,-0.21593733131885529
885,1.021366563280792,1.211119385992494,-0.07914213091135025
886,1.1429916658948582,1.1630831161551871,0.06452835351228714
887,1.2950230441624404,1.1884868113961538,0.2048456221818924
888,1.2494136306821655,0.8332411735499139,0.3365931808948517
889,1.0973822524145829,0.4169003345250175,0.4517040550708771
890,0.9909602876272758,0.20248308060050052,0.5409790873527527
891,0.8845383228399682,0.08074544236335224,0.6003808975219727
892,0.8389289093596934,0.04349947026102668,0.6303636431694031
893,0.8389289093596934,0.041080810457684795,0.6362448930740356
894,0.8389289093596934,0.045289978088478136,0.6261144876480103
895,0.8845383228399682,0.07670237652715281,0.6075863838195801
896,0.9149445984934846,0.10691635187043283,0.5879639387130737
897,0.9909602876272758,0.17548664870329386,0.5720490217208862
898,1.1125853902413418,0.30117242946922745,0.5637935996055603
899,1.0669759767610671,0.25024470287867356,0.566731333732605
