,Global_reactive_power at scale: 5^0,mse,predicted
0,2.188649078142685,3.9486007385056774,0.20154044032096863
1,1.776331114305923,2.2877850956878603,0.26378852128982544
2,1.547265578841055,1.566225694452688,0.2957761883735657
3,0.7531717225628461,0.21421184577421773,0.29034146666526794
4,0.6920875797722147,0.21387269750684415,0.22962385416030884
5,0.6920875797722147,0.3207983205583965,0.12569697201251984
6,0.890611043841767,0.7874452072027197,0.0032299491576850414
7,1.0433214008183456,1.325520473061398,-0.10799109935760498
8,0.9669662223300561,1.3325311658662167,-0.1873869150876999
9,0.8295269010511356,1.1285645154589456,-0.23281227052211761
10,0.11178822326121612,0.13293408205413698,-0.25281304121017456
11,-0.19363249069194113,0.007225628439582851,-0.2786361873149872
12,-0.19363249069194113,0.01749169525386301,-0.32588866353034973
13,-0.19363249069194113,0.037826409697476596,-0.3881226181983948
14,-0.2089035263895991,0.05927884931796258,-0.45237600803375244
15,-0.2089035263895991,0.08927813714780851,-0.5076979994773865
16,-0.19363249069194113,0.12481480279772923,-0.5469238758087158
17,-0.17836145499428335,0.150689665074283,-0.5665491223335266
18,-0.19363249069194113,0.13895285456587753,-0.5663962960243225
19,-0.9877263469701499,0.19182382851078136,-0.5497493743896484
20,-0.9877263469701499,0.19258712686725035,-0.5488788485527039
21,-0.9877263469701499,0.17606233118600823,-0.5681285262107849
22,-0.9877263469701499,0.1502894127907444,-0.6000545620918274
23,-0.9877263469701499,0.12469212460490947,-0.6346086263656616
24,-0.9877263469701499,0.1050959723116404,-0.6635412573814392
25,-0.9877263469701499,0.09358818981110154,-0.6818044781684875
26,-0.9877263469701499,0.09019273832914022,-0.6874052882194519
27,-0.9877263469701499,0.09428845450222992,-0.6806620955467224
28,-0.9877263469701499,0.1052072245643402,-0.6633697152137756
29,-0.9877263469701499,0.12225014984461044,-0.6380834579467773
30,-0.9877263469701499,0.14451042475538706,-0.6075810790061951
31,-0.9877263469701499,0.17076067350366048,-0.5744943618774414
32,-0.9877263469701499,0.19948992611484123,-0.5410833954811096
33,-0.9877263469701499,0.22906125168360483,-0.509122908115387
34,-0.9877263469701499,0.257915807460043,-0.4798722267150879
35,-0.9877263469701499,0.28475194370115275,-0.45410481095314026
36,-0.9877263469701499,0.3086367577025847,-0.43217548727989197
37,-0.9877263469701499,0.329040323580734,-0.41410598158836365
38,-0.9877263469701499,0.345802164805952,-0.3996768891811371
39,-0.4990532046450984,0.012219209579912741,-0.38851267099380493
40,-0.34634284766851975,0.0002272559905444635,-0.36141785979270935
41,-0.3616138833661777,0.002523976137222238,-0.311374694108963
42,0.17287236605184741,0.17493613801786564,-0.24538131058216095
43,0.6462744726792411,0.6384503956763795,-0.1527564376592636
44,0.6462744726792411,0.44881103524262816,-0.023659132421016693
45,0.6462744726792411,0.2705198905987474,0.126159206032753
46,0.6004613655862676,0.10739091708385692,0.27275583148002625
47,0.6462744726792411,0.06450558618874595,0.3922949731349945
48,0.6004613655862676,0.016431594360882127,0.47227558493614197
49,0.5851903298886098,0.0061971586115257766,0.5064682960510254
50,0.5851903298886098,0.007720163765868724,0.4973258674144745
51,0.5851903298886098,0.017265308117231096,0.4537928104400635
52,0.6157324012839254,0.0520800361888698,0.387521892786026
53,0.7379006868651883,0.18210013735378977,0.31116876006126404
54,0.7379006868651883,0.24900798519082887,0.23889368772506714
55,0.768442758260504,0.3499620443520636,0.17686685919761658
56,0.768442758260504,0.4104898144729461,0.12774796783924103
57,0.6462744726792411,0.30869629195853515,0.09067003428936005
58,-0.010380062320046858,0.00478906289180157,0.05882299318909645
59,-0.010380062320046858,0.0002520049532693471,0.005494601558893919
60,0.004890973377611016,0.005413939549712374,-0.06868850439786911
61,-0.010380062320046858,0.019924949038856502,-0.15153582394123077
62,0.004890973377611016,0.05555881306193144,-0.23081819713115692
63,-0.02565109801770473,0.0734734369679219,-0.29671093821525574
64,-0.010380062320046858,0.11216321260957975,-0.34528782963752747
65,-0.5754083831333876,0.04018933790738344,-0.3749355971813202
66,-0.9877263469701499,0.33694097155466796,-0.4072601795196533
67,-0.9877263469701499,0.2790421695831799,-0.4594819247722626
68,-0.9877263469701499,0.2129379149890729,-0.5262743830680847
69,-0.9877263469701499,0.15388298951885404,-0.5954471230506897
70,-0.9877263469701499,0.11010267142628329,-0.6559091210365295
71,-0.9877263469701499,0.08246873662788677,-0.7005526423454285
72,-0.9877263469701499,0.06828808591839673,-0.726406455039978
73,-0.9877263469701499,0.06453054717069359,-0.7336977124214172
74,-0.9877263469701499,0.06917588081619969,-0.7247132658958435
75,-0.9877263469701499,0.08116765113695318,-0.702826976776123
76,-0.9877263469701499,0.09982266531562461,-0.6717790961265564
77,-0.9877263469701499,0.12428308757998086,-0.6351882815361023
78,-0.9877263469701499,0.15325555214628342,-0.596247673034668
79,-0.9877263469701499,0.18504275546271062,-0.557560384273529
80,-0.9877263469701499,0.2177590197051262,-0.5210797786712646
81,-0.9877263469701499,0.2496023432682206,-0.48812416195869446
82,-0.9877263469701499,0.2790820950324196,-0.459444135427475
83,-0.9877263469701499,0.30515337597780273,-0.4353194534778595
84,-0.9877263469701499,0.3272492057045922,-0.41566935181617737
85,-0.9877263469701499,0.3452324087969045,-0.4001615345478058
86,-0.9877263469701499,0.3592996529669786,-0.3883102536201477
87,-0.9877263469701499,0.36986932191441296,-0.3795575201511383
88,-0.9877263469701499,0.37747690560039787,-0.3733348548412323
89,-0.9877263469701499,0.3826908821326493,-0.3691062033176422
90,-0.9877263469701499,0.3860529061389615,-0.3663947880268097
91,-0.9877263469701499,0.3880424242059529,-0.36479583382606506
92,-0.9877263469701499,0.3890599945998079,-0.36397960782051086
93,-0.9877263469701499,0.3894243518968495,-0.3636876046657562
94,-0.5906794188310455,0.05150838640531207,-0.36372482776641846
95,0.6462744726792411,0.9900157485949873,-0.34872087836265564
96,0.7226296511675302,0.9834736351664507,-0.2690727412700653
97,1.1044055436089766,1.5106337952485336,-0.12467288970947266
98,1.7610600786082649,2.8441514293193872,0.07459886372089386
99,1.7305180072129493,1.983600950072541,0.32211431860923767
100,1.7152469715152912,1.2912848924439297,0.5788998007774353
101,1.7305180072129493,0.86353452281163,0.8012524247169495
102,1.6999759358176336,0.5504943185252058,0.9580228924751282
103,1.7610600786082649,0.5277445639482359,1.034599781036377
104,1.7305180072129493,0.4817260567498042,1.036453127861023
105,1.7152469715152912,0.5440421897657025,0.9776548147201538
106,1.7457890429106069,0.7544569563320526,0.8771942257881165
107,1.7610600786082649,1.0103166569259519,0.7559149861335754
108,1.6999759358176336,1.1422274377738815,0.6312255263328552
109,1.7305180072129493,1.4823727118625,0.5129907131195068
110,1.7305180072129493,1.7458883307756194,0.4091973304748535
111,1.7305180072129493,1.9790663554476842,0.3237250745296478
112,1.6388917930270017,1.9086754365699703,0.257343590259552
113,0.9669662223300561,0.5793822573176489,0.2057945877313614
114,0.9669662223300561,0.6764282553998906,0.14451363682746887
115,0.9516951866323983,0.7733256172825567,0.0723058432340622
116,0.9516951866323983,0.9111348333128255,-0.0028386437334120274
117,0.9516951866323983,1.046404064127642,-0.07124374806880951
118,0.5241061870979783,0.42226308540145063,-0.12571154534816742
119,0.004890973377611016,0.033178280992350935,-0.17725808918476105
120,-0.6212214902263613,0.14295785241719053,-0.24312381446361542
121,-0.9877263469701499,0.41977618840089437,-0.33982497453689575
122,-0.9877263469701499,0.2713970128940036,-0.4667685627937317
123,-0.9877263469701499,0.14787681653266446,-0.6031787991523743
124,-0.9877263469701499,0.0676069773951321,-0.7277129292488098
125,-0.9877263469701499,0.0260949751661213,-0.8261869549751282
126,-0.9877263469701499,0.009098656679223565,-0.8923394680023193
127,-0.9877263469701499,0.0038252047196492677,-0.92587810754776
128,-0.9877263469701499,0.0033123351820330315,-0.9301734566688538
129,-0.9877263469701499,0.005970153581328302,-0.910459578037262
130,-0.9877263469701499,0.01324545404582351,-0.8726374506950378
131,-0.9877263469701499,0.02728911380156415,-0.8225321769714355
132,-0.9877263469701499,0.04940886740042009,-0.7654452919960022
133,-0.9877263469701499,0.07942695577385357,-0.7058984637260437
134,-0.9877263469701499,0.11575098049040744,-0.6475043892860413
135,-0.9877263469701499,0.15585966966626605,-0.5929356813430786
136,-0.9877263469701499,0.19692150399611086,-0.5439679622650146
137,-0.9877263469701499,0.23633832869976565,-0.5015799403190613
138,-0.9877263469701499,0.272104205209559,-0.46609026193618774
139,-0.9877263469701499,0.30295715956891156,-0.4373109042644501
140,-0.9877263469701499,0.3283571774840824,-0.41470175981521606
141,-0.9877263469701499,0.348355626966616,-0.39750975370407104
142,-0.9877263469701499,0.3634170270398433,-0.3848855495452881
143,-0.9877263469701499,0.37424242963093185,-0.37597277760505676
144,-0.9877263469701499,0.3816231327722746,-0.36996981501579285
145,-0.9877263469701499,0.38633515867157076,-0.36616769433021545
146,-0.9877263469701499,0.38907449423399837,-0.36396798491477966
147,-0.9877263469701499,0.39042522124457824,-0.3628861904144287
148,-0.9877263469701499,0.39085203518334677,-0.3625447452068329
149,-0.9877263469701499,0.39070679466969954,-0.3626609146595001
150,-0.2089035263895991,0.023755351584126803,-0.3630312383174896
151,-0.2089035263895991,0.015497289586254431,-0.33339163661003113
152,0.31031168733076825,0.3398772393165405,-0.2726782262325287
153,0.8142558653534777,0.9709263390696072,-0.17110008001327515
154,0.8447979367487932,0.7507729808115299,-0.02167363278567791
155,0.8142558653534777,0.43331215829054187,0.1559913605451584
156,0.7837137939581618,0.20489883669097836,0.33105626702308655
157,0.8142558653534777,0.11515137487833807,0.4749162495136261
158,0.7989848296558196,0.05187172202088926,0.5712311863899231
159,0.7837137939581618,0.02884858648398821,0.613865077495575
160,0.768442758260504,0.026340341627894077,0.6061456799507141
161,0.768442758260504,0.04431489671987669,0.5579317212104797
162,0.7837137939581618,0.09060669052238648,0.4827043414115906
163,0.768442758260504,0.13979833851095902,0.39454659819602966
164,0.768442758260504,0.2155536378258532,0.30416521430015564
165,0.7531717225628461,0.2848236334618138,0.21948301792144775
166,0.768442758260504,0.38880596893696495,0.14489968121051788
167,0.768442758260504,0.4693258476967832,0.08336915075778961
168,0.09651718756355804,0.0037197522873874417,0.035527415573596954
169,-0.0409221337153626,0.00028507038503554203,-0.024038106203079224
170,-0.0409221337153626,0.0036513976013256735,-0.10134892910718918
171,-0.0409221337153626,0.0214350124513439,-0.18732914328575134
172,-0.02565109801770473,0.05954136039930985,-0.269662082195282
173,-0.02565109801770473,0.09757540886131925,-0.33802172541618347
174,-0.010380062320046858,0.14180181014880022,-0.3869458734989166
175,-0.9877263469701499,0.3284451664696971,-0.41462498903274536
176,-0.9877263469701499,0.28118908233082723,-0.4574536979198456
177,-0.9877263469701499,0.22034341518497114,-0.5183188319206238
178,-0.9877263469701499,0.16062779242361583,-0.5869423747062683
179,-0.9877263469701499,0.11323738817119983,-0.6512187123298645
180,-0.9877263469701499,0.08154769551685362,-0.7021607756614685
181,-0.9877263469701499,0.0638418308656095,-0.7350569367408752
182,-0.9877263469701499,0.05704915822175715,-0.748876690864563
183,-0.9877263469701499,0.05884222870009628,-0.7451521754264832
184,-0.9877263469701499,0.06802572906611432,-0.7269089221954346
185,-0.9877263469701499,0.0840391193082203,-0.6978313326835632
186,-0.9877263469701499,0.10630914646912824,-0.6616755127906799
187,-0.9877263469701499,0.13383849436844264,-0.6218869090080261
188,-0.9877263469701499,0.16512044604361442,-0.5813761949539185
189,-0.9877263469701499,0.19830318401057612,-0.5424138903617859
190,-0.9877263469701499,0.2314696356414339,-0.5066134333610535
191,-0.9877263469701499,0.2629120287611442,-0.47497686743736267
192,-0.9877263469701499,0.29132491094827406,-0.4479811191558838
193,-0.9877263469701499,0.3158898521275324,-0.4256855547428131
194,-0.07146420511067834,0.11315177212567155,-0.407844603061676
195,-0.07146420511067834,0.08247670721591442,-0.3586517870426178
196,-0.05619316941302048,0.04835790426766015,-0.27609747648239136
197,-0.05619316941302048,0.013441187121398987,-0.1721293032169342
198,-0.0409221337153626,0.0005188480705865449,-0.063700370490551
199,-0.07146420511067834,0.011141331056143004,0.03408829867839813
200,-0.08673524080833611,0.038216725529846673,0.10875574499368668
201,-0.07146420511067834,0.05075340639112894,0.1538209617137909
202,-0.05619316941302048,0.05107042666983172,0.169794499874115
203,-0.07146420511067834,0.05428264862978028,0.16152216494083405
204,0.21868547314482104,0.007069399769858748,0.1346057504415512
205,0.6920875797722147,0.34212276954122656,0.10717496275901794
206,0.9364241509347404,0.6929548463077895,0.10398505628108978
207,1.6236207573293444,2.217939855084128,0.13434581458568573
208,1.6236207573293444,1.9860675032096853,0.2143416851758957
209,1.6388917930270017,1.72072864526782,0.32712632417678833
210,1.6694338644223174,1.4960773740663553,0.446291446685791
211,1.6694338644223174,1.2562543482074762,0.5486063361167908
212,1.6999759358176336,1.1703327916338129,0.6181567311286926
213,1.6999759358176336,1.1032711391760293,0.6496087908744812
214,1.6847049001199754,1.0813749136016733,0.6448131203651428
215,1.6999759358176336,1.1877950586885297,0.6101158261299133
216,1.7152469715152912,1.345396230684405,0.5553348064422607
217,1.6999759358176336,1.462472827498114,0.4906485080718994
218,0.8295269010511356,0.1647229981312018,0.4236660897731781
219,0.7837137939581618,0.20518698164582966,0.3307380974292755
220,0.7837137939581618,0.3235158880911145,0.2149292230606079
221,0.7837137939581618,0.4787430427472149,0.09180119633674622
222,0.7379006868651883,0.5782489410969195,-0.022526128217577934
223,0.004890973377611016,0.015162036294638402,-0.1182432472705841
224,0.004890973377611016,0.048314230267044386,-0.214914008975029
225,-0.010380062320046858,0.09001586694417572,-0.31040650606155396
226,-0.010380062320046858,0.1488996411294148,-0.396255224943161
227,0.004890973377611016,0.2202309625886282,-0.46439674496650696
228,-0.010380062320046858,0.24932611474637337,-0.5097057223320007
229,-0.2547166334825726,0.07679106520441807,-0.5318286418914795
230,-0.9877263469701499,0.19917325015565449,-0.5414380431175232
231,-0.9877263469701499,0.17648239895627574,-0.5676282644271851
232,-0.9877263469701499,0.1418548447142958,-0.6110901236534119
233,-0.9877263469701499,0.10619474902022574,-0.6618509888648987
234,-0.9877263469701499,0.07774404608869281,-0.7089001536369324
235,-0.9877263469701499,0.059281776657856756,-0.7442478537559509
236,-0.9877263469701499,0.050150312126738095,-0.7637836933135986
237,-0.9877263469701499,0.048856822554354216,-0.7666905522346497
238,-0.9877263469701499,0.05442245958661295,-0.7544401288032532
239,-0.9877263469701499,0.06650605429406223,-0.7298386693000793
240,-0.9877263469701499,0.08494371637821806,-0.6962752938270569
241,-0.9877263469701499,0.10925595457447036,-0.6571874618530273
242,-0.9877263469701499,0.13839836488275387,-0.6157070398330688
243,-0.9877263469701499,0.17079407415672992,-0.5744539499282837
244,-0.9877263469701499,0.2045632380869916,-0.535439670085907
245,-0.9877263469701499,0.23782245591706508,-0.5000559091567993
246,-0.9877263469701499,0.268950260005527,-0.4691222012042999
247,-0.9877263469701499,0.2967568391559408,-0.44297242164611816
248,-0.9877263469701499,0.320544884323501,-0.42155951261520386
249,-0.9877263469701499,0.3400778442081773,-0.40456441044807434
250,-0.9877263469701499,0.35549016146426066,-0.3914963901042938
251,-0.9877263469701499,0.3671727830378313,-0.3817785084247589
252,-0.9877263469701499,0.3756611752014415,-0.37481430172920227
253,-0.9877263469701499,0.3815426827809993,-0.37003493309020996
254,-0.9877263469701499,0.3853885385882494,-0.36692965030670166
255,-0.9877263469701499,0.38771211577364806,-0.3650610148906708
256,-0.9877263469701499,0.3889471669354701,-0.3640700578689575
257,-0.9877263469701499,0.38944216879665583,-0.3636733293533325
258,-0.9877263469701499,0.3894648217692519,-0.3636551797389984
259,-0.3921559547614934,0.0008007852386701674,-0.36385780572891235
260,-0.2699876691802305,0.005074744312738514,-0.34122490882873535
261,-0.2547166334825726,0.0012596865953712199,-0.29020869731903076
262,-0.2699876691802305,0.0026366244861546957,-0.21863959729671478
263,0.6615455083768992,0.6426797953668139,-0.14012761414051056
264,0.7073586154698726,0.5422533394999582,-0.02901991456747055
265,0.6615455083768992,0.3059176051458769,0.10844732075929642
266,0.7073586154698726,0.20965531538769153,0.24947728216648102
267,0.7226296511675302,0.12204300022948769,0.37328311800956726
268,0.7226296511675302,0.06673797772465502,0.4642927050590515
269,0.7226296511675302,0.043381109533114,0.5143483281135559
270,0.7226296511675302,0.03979292905664297,0.5231480002403259
271,0.7073586154698726,0.04445834554539192,0.4965071380138397
272,0.7226296511675302,0.07810820143728045,0.44315120577812195
273,0.6920875797722147,0.10117403140481317,0.3740089237689972
274,0.6920875797722147,0.15560554265913396,0.29761889576911926
275,0.6920875797722147,0.2213806790503154,0.2215764969587326
276,0.5546482584932938,0.16248171096417116,0.151558056473732
277,-0.08673524080833611,0.02983309143559062,0.08598734438419342
278,-0.05619316941302048,0.003496527139258829,0.002938270103186369
279,-0.1020062765059941,7.800444782142512e-05,-0.09317426383495331
280,-0.08673524080833611,0.011025284139006464,-0.1917365938425064
281,-0.1020062765059941,0.031856060487247866,-0.2804889380931854
282,-0.1020062765059941,0.06232922034303498,-0.3516644835472107
283,-0.07146420511067834,0.10894525700208985,-0.40153276920318604
284,-0.05619316941302048,0.13883253125680306,-0.42879554629325867
285,-0.6364925259240192,0.04053828572306938,-0.4351513087749481
286,-0.9877263469701499,0.29385958100860293,-0.44563817977905273
287,-0.9877263469701499,0.2602911868731673,-0.47753894329071045
288,-0.9877263469701499,0.2125955644229758,-0.5266454815864563
289,-0.9877263469701499,0.16486245477807762,-0.5816937685012817
290,-0.9877263469701499,0.12660080051149128,-0.6319162845611572
291,-0.9877263469701499,0.10095377070563588,-0.6699941158294678
292,-0.9877263469701499,0.08719893543397289,-0.6924316883087158
293,-0.422698026156809,0.07624172874687152,-0.6988170742988586
294,-0.11727731220365187,0.30644045364961375,-0.6708479523658752
295,-0.13254834790130984,0.2177062015893184,-0.5991383194923401
296,-0.11727731220365187,0.14169993900037553,-0.4937078356742859
297,-0.11727731220365187,0.06413525303306583,-0.3705267012119293
298,-0.14781938359896762,0.009753863367168963,-0.2465810328722
299,-0.16309041929662538,0.0006649782010147673,-0.13730324804782867
300,-0.17836145499428335,0.015750924902537565,-0.05285876616835594
301,-0.16309041929662538,0.027341031261877407,0.0022608167491853237
302,-0.14781938359896762,0.031518266125800706,0.029714461416006088
303,-0.14781938359896762,0.033287628262645204,0.034629590809345245
304,-0.14781938359896762,0.02913247628653977,0.022863000631332397
305,-0.14781938359896762,0.02189483656782794,0.00014965562149882317
306,-0.14781938359896762,0.014238792444288686,-0.028492972254753113
307,-0.16309041929662538,0.0108188707762979,-0.059076618403196335
308,-0.16309041929662538,0.005442520485728522,-0.08931697905063629
309,-0.13254834790130984,0.0002310931484348058,-0.11734659969806671
310,-0.16309041929662538,0.0005003425552364341,-0.14072208106517792
311,-0.16309041929662538,9.602821920564131e-06,-0.1599915772676468
312,-0.13254834790130984,0.0018453659099226833,-0.17550607025623322
313,0.5851903298886098,0.595373247106847,-0.18641400337219238
314,0.6157324012839254,0.610036280176678,-0.16531579196453094
315,0.6462744726792411,0.5747506953173759,-0.11184866726398468
316,0.6462744726792411,0.4673490804015971,-0.03735487163066864
317,0.6462744726792411,0.3644372457506833,0.042588092386722565
318,0.7073586154698726,0.35193751020648106,0.1141154021024704
319,0.7531717225628461,0.3398168983540529,0.1702335625886917
320,0.768442758260504,0.3136115109813858,0.20843248069286346
321,0.768442758260504,0.2916910626737745,0.2283584475517273
322,0.768442758260504,0.2886515945217502,0.23117969930171967
323,0.7531717225628461,0.2847294508746551,0.21957126259803772
324,0.7531717225628461,0.30977164549153513,0.19660039246082306
325,0.7531717225628461,0.34449879208205547,0.16623152792453766
326,0.768442758260504,0.40453990028020925,0.1324082463979721
327,0.768442758260504,0.4481020854609691,0.09903848171234131
328,0.768442758260504,0.48981164296313956,0.06857731193304062
329,0.7073586154698726,0.4422545413179069,0.04233640432357788
330,0.3561247944237419,0.11395339474431605,0.01855495758354664
331,-0.0409221337153626,0.0006372995931356176,-0.01567734032869339
332,-0.0409221337153626,0.00109400236510068,-0.07399784028530121
333,-0.05619316941302048,0.008727449976937104,-0.14961399137973785
334,-0.05619316941302048,0.030171749838803903,-0.22989334166049957
335,-0.0409221337153626,0.06861275296629146,-0.3028624951839447
336,-0.05619316941302048,0.09226345414098923,-0.35994216799736023
337,-0.05619316941302048,0.1168538741622132,-0.39803212881088257
338,-0.0409221337153626,0.1415944069948513,-0.41721245646476746
339,-0.5754083831333876,0.02441453248562353,-0.41915687918663025
340,-0.9877263469701499,0.31481815190471196,-0.42663976550102234
341,-0.9877263469701499,0.2802868035149296,-0.45830515027046204
342,-0.9877263469701499,0.2285284495212106,-0.5096798539161682
343,-0.9877263469701499,0.17567893707500698,-0.5685856342315674
344,-0.9877263469701499,0.13281371895042268,-0.6232901811599731
345,-0.9877263469701499,0.10367861536758076,-0.6657347083091736
346,-0.9877263469701499,0.08747376139680939,-0.691966712474823
347,-0.9877263469701499,0.08200804748077126,-0.7013558745384216
348,-0.9877263469701499,0.08539159525053885,-0.6955079436302185
349,-0.9877263469701499,0.09637326512184338,-0.67728590965271
350,-0.9877263469701499,0.1140170335953422,-0.6500622630119324
351,-0.9877263469701499,0.13728967287902932,-0.6172001361846924
352,-0.9877263469701499,0.16483801224222547,-0.5817238688468933
353,-0.9877263469701499,0.1950039631946995,-0.546133816242218
354,-0.9877263469701499,0.22600033074763773,-0.5123314261436462
355,-0.9877263469701499,0.2561418407542376,-0.48162177205085754
356,-0.9877263469701499,0.2840421831667721,-0.4547702670097351
357,-0.9877263469701499,0.3087310056661236,-0.4320906698703766
358,-0.9877263469701499,0.3296804744919449,-0.4135482609272003
359,-0.9877263469701499,0.34676110879465405,-0.3988620936870575
360,-0.9877263469701499,0.3601536298595137,-0.38759833574295044
361,-0.9877263469701499,0.3702460520418842,-0.37924787402153015
362,-0.9877263469701499,0.3775371122453481,-0.37328585982322693
363,-0.9877263469701499,0.3825580415626446,-0.3692135810852051
364,-0.9877263469701499,0.38581710807186587,-0.36658456921577454
365,-0.9877263469701499,0.387765635642129,-0.3650180399417877
366,-0.3005297405755462,0.004054201239060183,-0.3642023503780365
367,-0.2699876691802305,0.004539387643838532,-0.3373626470565796
368,-0.28525870487788835,8.777608869041217e-06,-0.28229600191116333
369,-0.3005297405755462,0.008295830119517624,-0.20944829285144806
370,-0.3005297405755462,0.02812475936414246,-0.1328253597021103
371,0.4172089372143732,0.23190941647755578,-0.06436080485582352
372,0.6920875797722147,0.4551374710319195,0.01744880899786949
373,0.7226296511675302,0.36240600678538953,0.1206279844045639
374,0.7226296511675302,0.23876011811069972,0.23399879038333893
375,0.7073586154698726,0.13537749376156163,0.339421808719635
376,0.7226296511675302,0.09146195125481334,0.4202028810977936
377,0.7226296511675302,0.065182411743963,0.4673211872577667
378,0.7226296511675302,0.05948086490367438,0.47874265909194946
379,0.7073586154698726,0.06204556227385531,0.4582691490650177
380,0.7073586154698726,0.08678295975695899,0.4127691388130188
381,0.7073586154698726,0.1268987990501,0.35113003849983215
382,0.6920875797722147,0.16808315081736697,0.2821081280708313
383,0.3866668658190574,0.030359445954400953,0.21242724359035492
384,-0.05619316941302048,0.03692241016513553,0.13595888018608093
385,-0.05619316941302048,0.00928109142107688,0.04014525189995766
386,-0.07146420511067834,1.6784017799681743e-05,-0.06736737489700317
387,-0.05619316941302048,0.013786296115489637,-0.1736082285642624
388,-0.0409221337153626,0.05077914095241136,-0.266264408826828
389,-0.0409221337153626,0.08789848272020465,-0.3373989164829254
390,-0.0409221337153626,0.11800147697798112,-0.3844355642795563
391,-0.02565109801770473,0.14664548099537592,-0.4085942804813385
392,0.11178822326121612,0.2751669607506198,-0.4127753674983978
393,0.6768165440745568,1.151799709499235,-0.3964027762413025
394,-0.13254834790130984,0.044418953334088095,-0.34330639243125916
395,-0.13254834790130984,0.02476889558462854,-0.28992971777915955
396,-0.14781938359896762,0.010752027043215501,-0.2515113651752472
397,-0.13254834790130984,0.009819550484397735,-0.2316419929265976
398,-0.11727731220365187,0.011956971235645495,-0.2266252487897873
399,-0.13254834790130984,0.009570807394168419,-0.23037885129451752
400,-0.11727731220365187,0.014647434896748213,-0.23830389976501465
401,-0.13254834790130984,0.012904800869321633,-0.24614764750003815
402,-0.13254834790130984,0.014293015757721338,-0.25210174918174744
403,-0.13254834790130984,0.0150474485264395,-0.2552163898944855
404,-0.14781938359896762,0.011547704647394307,-0.25527963042259216
405,-0.16309041929662538,0.008116228703760374,-0.25318053364753723
406,-0.14781938359896762,0.010462516717779233,-0.2501058280467987
407,-0.14781938359896762,0.009630108906119093,-0.24595250189304352
408,-0.11727731220365187,0.015281992957681352,-0.24089767038822174
409,-0.13254834790130984,0.010312059935852108,-0.23409666121006012
410,-0.11727731220365187,0.011930804187917013,-0.22650553286075592
411,-0.1020062765059941,0.013539393843364783,-0.21836517751216888
412,-0.1020062765059941,0.011598089631610072,-0.20970070362091064
413,-0.08673524080833611,0.01308705479011659,-0.20113390684127808
414,-0.08673524080833611,0.011245561106497708,-0.19278033077716827
415,-0.1020062765059941,0.00691778044362794,-0.1851794719696045
416,-0.2699876691802305,0.008196496566834917,-0.17945316433906555
417,-0.9877263469701499,0.6485431280082664,-0.18240459263324738
418,-0.9877263469701499,0.5878544601555913,-0.22100967168807983
419,-0.22417456208725686,0.004504187993098225,-0.2912878096103668
420,-0.2547166334825726,0.008990729540824234,-0.34953609108924866
421,-0.23944559778491475,0.020142106787822942,-0.381368488073349
422,-0.2547166334825726,0.017142854232527416,-0.38564735651016235
423,-0.2699876691802305,0.009754317050358341,-0.3687516152858734
424,-0.2547166334825726,0.007155113350595611,-0.33930453658103943
425,-0.22417456208725686,0.00640707030104871,-0.30421873927116394
426,0.7226296511675302,0.9812870700042182,-0.26796969771385193
427,0.7379006868651883,0.8749478604599191,-0.1974857896566391
428,0.7226296511675302,0.6670768945665537,-0.09411810338497162
429,0.7379006868651883,0.5081986087162438,0.025020185858011246
430,0.7226296511675302,0.3386896428561832,0.1406591683626175
431,0.7379006868651883,0.25198206967514586,0.23592253029346466
432,0.7379006868651883,0.1905311794408549,0.30140191316604614
433,0.7226296511675302,0.1509084382656706,0.33416029810905457
434,0.7226296511675302,0.14942066752911667,0.3360799551010132
435,0.7379006868651883,0.18039480119205334,0.3131715953350067
436,-0.02565109801770473,0.08968083994689292,0.2738164961338043
437,-0.02565109801770473,0.04948084856305197,0.19679181277751923
438,-0.02565109801770473,0.013293251678585472,0.08964526653289795
439,-0.02565109801770473,1.5764096045306325e-05,-0.02962150052189827
440,-0.0409221337153626,0.01052568569046827,-0.1435168981552124
441,-0.010380062320046858,0.05288414041000094,-0.24034558236598969
442,-0.010380062320046858,0.09144184275203232,-0.31277358531951904
443,-0.02565109801770473,0.11134795324404767,-0.35933950543403625
444,-0.0409221337153626,0.11693180042617958,-0.3828750550746918
445,-0.07146420511067834,0.1003067915042474,-0.38817667961120605
446,-0.07146420511067834,0.09586223670401751,-0.3810804784297943
447,-0.07146420511067834,0.08670472837887472,-0.36592087149620056
448,-0.6059504545287034,0.06758286120350471,-0.3459834158420563
449,-0.9877263469701499,0.41487640015431104,-0.34361734986305237
450,-0.9877263469701499,0.3760867520500185,-0.37446722388267517
451,-0.9877263469701499,0.3098520217600521,-0.4310828149318695
452,-0.9877263469701499,0.23919288972181033,-0.498652845621109
453,-0.9877263469701499,0.18004386996518454,-0.5634105801582336
454,-0.9877263469701499,0.1382330400062215,-0.6159293055534363
455,-0.9877263469701499,0.11306985040121403,-0.6514677405357361
456,-0.9877263469701499,0.1015679626178033,-0.6690290570259094
457,-0.9877263469701499,0.10087416971925563,-0.6701194047927856
458,-0.9877263469701499,0.10895075299220683,-0.6576494574546814
459,-0.9877263469701499,0.12433907226530097,-0.6351088881492615
460,-0.9877263469701499,0.145713543071831,-0.6060019135475159
461,-0.9877263469701499,0.17158852185032145,-0.5734938979148865
462,-0.9877263469701499,0.2002655916616869,-0.5402159094810486
463,-0.9877263469701499,0.2299590181260255,-0.5081859230995178
464,-0.9877263469701499,0.25899513797642226,-0.47881069779396057
465,-0.9877263469701499,0.28599329492415587,-0.45294293761253357
466,-0.9877263469701499,0.30997625466386136,-0.43097123503685
467,-0.9877263469701499,0.3303986726916197,-0.4129231870174408
468,-0.9877263469701499,0.3471055158973787,-0.3985697329044342
469,-0.9877263469701499,0.3602484992518605,-0.38751929998397827
470,-0.9877263469701499,0.3701873725113159,-0.37929609417915344
471,-0.2699876691802305,0.010694425086656911,-0.3734015226364136
472,-0.28525870487788835,0.003180140536966667,-0.34165143966674805
473,-0.28525870487788835,3.7408798003020287e-06,-0.28332456946372986
474,-0.28525870487788835,0.005889172614861099,-0.20851776003837585
475,-0.28525870487788835,0.024013890386432552,-0.1302945464849472
476,-0.3005297405755462,0.057720316052195735,-0.06027921289205551
477,-0.2699876691802305,0.06908719740112933,-0.007143233437091112
478,-0.28525870487788835,0.097174993266868,0.026470333337783813
479,-0.28525870487788835,0.10580749135494662,0.040021929889917374
480,0.47829308000500464,0.19577385536325426,0.035829685628414154
481,0.6768165440745568,0.3944098061706192,0.048795998096466064
482,0.7073586154698726,0.37953416237019094,0.09129517525434494
483,0.7073586154698726,0.30437680082687674,0.15565507113933563
484,0.7226296511675302,0.2465898657000003,0.22605149447917938
485,0.7226296511675302,0.18910960086456288,0.287762314081192
486,0.7226296511675302,0.15403729916855818,0.33015379309654236
487,0.7226296511675302,0.1401575111432287,0.3482534885406494
488,0.08124615186590038,0.06814736776910874,0.34229665994644165
489,-0.010380062320046858,0.09106277934157202,0.29138603806495667
490,-0.0409221337153626,0.05749403033236956,0.19885699450969696
491,-0.0409221337153626,0.015009183790013276,0.08158984035253525
492,0.5088351514003204,0.3016773413423035,-0.04041646793484688
493,0.9058820795394247,1.074685252210798,-0.130788192152977
494,0.9058820795394247,1.1485370166484077,-0.16581611335277557
495,0.890611043841767,1.083595281598076,-0.1503477841615677
496,0.890611043841767,0.9835765761387718,-0.1011432483792305
497,0.875340008144109,0.8313034980037507,-0.036418456584215164
498,0.8447979367487932,0.6671906840598915,0.02798052504658699
499,0.8447979367487932,0.5843215572120295,0.08038865029811859
500,0.8295269010511356,0.5098361984915094,0.11549875140190125
501,0.8447979367487932,0.5078464673359668,0.13216446340084076
502,0.4477510086096889,0.09883020174790806,0.1333782970905304
503,-0.13254834790130984,0.05811534629897237,0.10852289944887161
504,-0.13254834790130984,0.030034525549185835,0.04075637087225914
505,-0.16309041929662538,0.010915344621262221,-0.058613892644643784
506,-0.16309041929662538,5.49369337059839e-05,-0.17050236463546753
507,-0.17836145499428335,0.009654870631786256,-0.27662065625190735
508,-0.16309041929662538,0.04075055149680376,-0.3649580776691437
509,-0.17836145499428335,0.06272099575397937,-0.42880305647850037
510,-0.17836145499428335,0.08357654225045993,-0.46745753288269043
511,-0.16309041929662538,0.10249364123798792,-0.483236700296402
512,-0.2089035263895991,0.07328050828658056,-0.4796072542667389
513,-0.2699876691802305,0.03722531463744682,-0.46292629837989807
514,-0.28525870487788835,0.024050369056336205,-0.440340518951416
515,-0.3005297405755462,0.013387838069371582,-0.4162355661392212
516,-0.9877263469701499,0.3534960458639432,-0.3931710124015808
517,-0.9877263469701499,0.3486152659677821,-0.39728984236717224
518,-0.9877263469701499,0.3128848252107509,-0.4283652603626251
519,-0.9877263469701499,0.26230535172553626,-0.4755688011646271
520,-0.9877263469701499,0.21274597559236355,-0.5264824032783508
521,-0.9877263469701499,0.17336679847688682,-0.5713529586791992
522,-0.9877263469701499,0.14701131294346007,-0.6043058037757874
523,-0.422698026156809,0.0401171661811572,-0.6229907274246216
524,-0.40742699045915126,0.03998770276272122,-0.6073962450027466
525,-0.3921559547614934,0.02752296241780219,-0.5580564141273499
526,-0.40742699045915126,0.005909136947643355,-0.48429790139198303
527,-0.40742699045915126,6.58958115751037e-05,-0.399309366941452
528,-0.40742699045915126,0.008528095638423041,-0.31507930159568787
529,-0.40742699045915126,0.027800356759078375,-0.240692600607872
530,-0.422698026156809,0.05806622773355215,-0.18172867596149445
531,-0.3921559547614934,0.0630584382714731,-0.141041561961174
532,-0.3768849190638355,0.06755154997842672,-0.11697810888290405
533,-0.3616138833661777,0.06512813388486338,-0.10641174018383026
534,-0.010380062320046858,0.009087240141918182,-0.1057070791721344
535,0.5851903298886098,0.46677152214991396,-0.09801646322011948
536,0.5851903298886098,0.41260086819712233,-0.057149820029735565
537,0.5699192941909517,0.3099255799091784,0.013209693133831024
538,0.5699192941909517,0.22370222778426252,0.09694759547710419
539,0.4630220443073468,0.08190820124281897,0.17682595551013947
540,-0.19363249069194113,0.18393690266928098,0.23524616658687592
541,-0.19363249069194113,0.18686261991250855,0.2386436015367508
542,-0.17836145499428335,0.13432175815855588,0.18813787400722504
543,-0.17836145499428335,0.07838307968173555,0.10160832852125168
544,-0.17836145499428335,0.03177611426601439,-0.0001028948463499546
545,-0.19363249069194113,0.008823155315931534,-0.09970083832740784
546,-0.2089035263895991,0.000509139431512903,-0.18633940815925598
547,-0.2089035263895991,0.002110465043334624,-0.2548433244228363
548,-0.17836145499428335,0.015691736571493517,-0.3036281168460846
549,-0.16309041929662538,0.02873403260069711,-0.3326015770435333
550,-0.16309041929662538,0.03267150014791165,-0.343843013048172
551,-0.17836145499428335,0.02651656452100839,-0.3412005305290222
552,-0.17836145499428335,0.022854578325669735,-0.3295387625694275
553,-0.16309041929662538,0.022422138717651686,-0.3128306567668915
554,-0.14781938359896762,0.021231745057046187,-0.29353055357933044
555,-0.13254834790130984,0.01978473313824367,-0.27320656180381775
556,-0.13254834790130984,0.014484901417760682,-0.2529015839099884
557,-0.9877263469701499,0.568226535323968,-0.23391832411289215
558,-0.9877263469701499,0.5445115255443168,-0.24981610476970673
559,-0.9877263469701499,0.472082301169895,-0.3006438910961151
560,-0.9877263469701499,0.37840236167501595,-0.37258216738700867
561,-0.9877263469701499,0.28960914217591716,-0.449572890996933
562,-0.9877263469701499,0.21975731242041724,-0.5189435482025146
563,-0.9877263469701499,0.17197202621947053,-0.5730312466621399
564,-0.9877263469701499,0.14365064200410305,-0.6087136268615723
565,-0.9877263469701499,0.1307148177674237,-0.6261813044548035
566,-0.9877263469701499,0.12963740393628445,-0.627674400806427
567,-0.9877263469701499,0.13783682275237505,-0.6164625287055969
568,-0.9877263469701499,0.1533562313244527,-0.5961191058158875
569,-0.9877263469701499,0.1744536294441589,-0.5700498819351196
570,-0.9877263469701499,0.19937115645867717,-0.5412163734436035
571,-0.9877263469701499,0.22631553406347615,-0.5120000243186951
572,-0.9877263469701499,0.25357137595707246,-0.4841676354408264
573,-0.9877263469701499,0.27965405375508634,-0.45890307426452637
574,-0.4379690618544669,1.1806256165932724e-06,-0.43688249588012695
575,-0.4379690618544669,0.0016453706991106502,-0.3974058926105499
576,-0.4379690618544669,0.0096562904495247,-0.33970263600349426
577,-0.40742699045915126,0.018507354473547524,-0.2713852524757385
578,-0.40742699045915126,0.04257410171982233,-0.20109206438064575
579,-0.40742699045915126,0.07286438364449356,-0.13749295473098755
580,-0.3921559547614934,0.09310812226274226,-0.08701971918344498
581,-0.3921559547614934,0.11539443003976035,-0.052458398044109344
582,-0.40742699045915126,0.13920424751441515,-0.034326136112213135
583,-0.40742699045915126,0.14109887820573866,-0.031795684248209
584,-0.3921559547614934,0.12253532112025732,-0.042105499655008316
585,-0.40742699045915126,0.12000294824928956,-0.061012573540210724
586,-0.40742699045915126,0.10368521187498923,-0.08542510867118835
587,-0.3921559547614934,0.07829936007784757,-0.11233572661876678
588,-0.3921559547614934,0.06426921285623774,-0.13864222168922424
589,0.09651718756355804,0.0671010861171491,-0.1625215858221054
590,0.6157324012839254,0.6078442047635058,-0.16391123831272125
591,0.6615455083768992,0.6138988836098519,-0.1219714879989624
592,1.1349476150042928,1.3865479059340082,-0.042570073157548904
593,0.7531717225628461,0.46032313302345673,0.07470054924488068
594,0.7531717225628461,0.31188047602532204,0.19470912218093872
595,0.7837137939581618,0.2407753590547118,0.2930251359939575
596,0.7989848296558196,0.19462982162406428,0.3578161299228668
597,0.7073586154698726,0.10290112510986804,0.3865765631198883
598,0.6462744726792411,0.07129825459266302,0.3792571425437927
599,0.6768165440745568,0.11290135838297585,0.34080857038497925
600,0.6920875797722147,0.16759174676781063,0.2827078700065613
601,0.7073586154698726,0.24081507433286883,0.2166294902563095
602,0.6920875797722147,0.29171943555094554,0.15197700262069702
603,0.7073586154698726,0.37631663368336615,0.09391209483146667
604,0.7226296511675302,0.4580952243903896,0.04580232873558998
605,0.7226296511675302,0.5090779391366947,0.009132672101259232
606,0.7379006868651883,0.5694612035531631,-0.016725845634937286
607,0.7379006868651883,0.5941396341731013,-0.032903850078582764
608,0.7379006868651883,0.6074024995287092,-0.04145962744951248
609,0.7379006868651883,0.6123470381553356,-0.04462537541985512
610,0.7531717225628461,0.6361100916157433,-0.044393379241228104
611,0.5241061870979783,0.3202269096462167,-0.041779763996601105
612,-0.23944559778491475,0.03730347008705223,-0.04630453512072563
613,-0.2547166334825726,0.028206362647535562,-0.08676913380622864
614,-0.23944559778491475,0.006340880458875089,-0.1598159521818161
615,-0.4685111332497826,0.04844559057046941,-0.2484075427055359
616,-0.9877263469701499,0.41508873445607614,-0.3434525430202484
617,-0.9877263469701499,0.28882806278306833,-0.45029908418655396
618,-0.9877263469701499,0.1845908978391594,-0.5580859184265137
619,-0.9877263469701499,0.11147666611243907,-0.6538451313972473
620,-0.9877263469701499,0.06723167302010123,-0.7284356355667114
621,-0.9877263469701499,0.04410322723593543,-0.7777186632156372
622,-0.9877263469701499,0.03461939852267141,-0.8016634583473206
623,-0.9877263469701499,0.034143302558871526,-0.8029472827911377
624,-0.9877263469701499,0.04080904834552154,-0.7857138514518738
625,-0.9877263469701499,0.054319000413889505,-0.7546619772911072
626,-0.9877263469701499,0.07468885468246855,-0.7144337296485901
627,-0.9877263469701499,0.10144008491561697,-0.6692297458648682
628,-0.3768849190638355,0.06037046222561233,-0.6225889325141907
629,-0.3768849190638355,0.031634639018056354,-0.5547462105751038
630,-0.3768849190638355,0.00802414174204315,-0.46646249294281006
631,-0.34634284766851975,0.0004317840897276393,-0.36712226271629333
632,-0.3616138833661777,0.008917393263902567,-0.267181932926178
633,-0.3616138833661777,0.03389005060493541,-0.17752137780189514
634,-0.3768849190638355,0.07350422889102025,-0.10576828569173813
635,-0.3768849190638355,0.10275691358133876,-0.05632772669196129
636,-0.3768849190638355,0.12069571370760793,-0.02947203256189823
637,-0.3768849190638355,0.1255426817728414,-0.02256489172577858
638,-0.3616138833661777,0.10908464528978791,-0.03133423626422882
639,-0.40742699045915126,0.12749551498271616,-0.05036184936761856
640,-0.3921559547614934,0.0993697644086099,-0.07692625373601913
641,-0.3921559547614934,0.0814002073156,-0.10684873908758163
642,-0.3921559547614934,0.06520824348281527,-0.13679690659046173
643,-0.3921559547614934,0.05185608706452446,-0.16443663835525513
644,0.21868547314482104,0.1657028113722811,-0.188380628824234
645,0.5546482584932938,0.5458478726492525,-0.18416692316532135
646,0.5851903298886098,0.5236107891011735,-0.1384192258119583
647,0.5546482584932938,0.37752882547207584,-0.05978548526763916
648,0.5699192941909517,0.28877796616150614,0.03253864124417305
649,0.5851903298886098,0.21564461867610626,0.12081481516361237
650,0.5699192941909517,0.1426822742193779,0.19218622148036957
651,0.5851903298886098,0.12014590808514412,0.23856963217258453
652,0.5851903298886098,0.10665953279167602,0.2586026191711426
653,0.5851903298886098,0.1090733097114,0.2549278438091278
654,0.5393772227956362,0.09406856538407275,0.23267123103141785
655,0.5699192941909517,0.1396865728610721,0.19617262482643127
656,0.6004613655862676,0.2006188808885304,0.152556374669075
657,-0.11727731220365187,0.051065156237583155,0.10869869589805603
658,-0.17836145499428335,0.048387292978789645,0.041609663516283035
659,-0.17836145499428335,0.016982314830207724,-0.04804524406790733
660,-0.16309041929662538,0.0002480583507715306,-0.1473405510187149
661,-0.16309041929662538,0.006145908820380276,-0.24148626625537872
662,-0.19363249069194113,0.015965454247271513,-0.3199869692325592
663,-0.23944559778491475,0.019366146065722418,-0.3786078989505768
664,-0.19363249069194113,0.05031479047445931,-0.417942076921463
665,-0.23944559778491475,0.039323694987821435,-0.43774762749671936
666,-0.9877263469701499,0.29778666858516184,-0.4420280158519745
667,-0.9877263469701499,0.2769586579027704,-0.4614577293395996
668,-0.9877263469701499,0.23876054195443785,-0.49909505248069763
669,-0.9877263469701499,0.19447322036751324,-0.5467351675033569
670,-0.9877263469701499,0.15494353226849758,-0.5940976738929749
671,-0.9877263469701499,0.1257664599208419,-0.6330906748771667
672,-0.9877263469701499,0.10803414390024915,-0.6590408682823181
673,-0.9877263469701499,0.10069296935531283,-0.6704047918319702
674,-0.9877263469701499,0.1022663443009195,-0.6679352521896362
675,-0.9877263469701499,0.11150707671741597,-0.6537995934486389
676,-0.9877263469701499,0.1273602894130687,-0.630850613117218
677,-0.9877263469701499,0.14871437988140562,-0.6020913124084473
678,-0.9877263469701499,0.1742296920295896,-0.5703180432319641
679,-0.9877263469701499,0.202336690273157,-0.5379078388214111
680,-0.9877263469701499,0.23136996663536685,-0.5067170262336731
681,-0.9877263469701499,0.2597578337822333,-0.4780619144439697
682,-0.9877263469701499,0.2861931259237718,-0.4527561366558075
683,-0.9877263469701499,0.309740419202581,-0.4311830699443817
684,-0.9877263469701499,0.3298666091335157,-0.41338619589805603
685,-0.9877263469701499,0.34640704985801535,-0.39916279911994934
686,-0.9877263469701499,0.3594908588370979,-0.38815078139305115
687,-0.9877263469701499,0.3694490537470748,-0.3799031376838684
688,-0.9877263469701499,0.3767271787624,-0.37394529581069946
689,-0.9877263469701499,0.3818110174433236,-0.3698177635669708
690,-0.9877263469701499,0.3851736218118923,-0.3671027719974518
691,-0.4837821689474405,0.014004958040663896,-0.36543962359428406
692,0.5851903298886098,0.8655389405938205,-0.3451531231403351
693,0.5851903298886098,0.7192476449740756,-0.2628943622112274
694,0.5699192941909517,0.4807497832386024,-0.12344192713499069
695,0.5699192941909517,0.273225687293317,0.047209348529577255
696,0.6004613655862676,0.14618440042097647,0.21812067925930023
697,0.6157324012839254,0.06343651827045317,0.36386632919311523
698,0.9211531152370825,0.20556437412909562,0.4677610397338867
699,1.4861814360504235,0.9044096785488356,0.5351768732070923
700,1.4709104003527655,0.7760514862518246,0.5899725556373596
701,1.5014524717480813,0.7543458124635921,0.6329216361045837
702,1.5014524717480813,0.709474350215527,0.6591494679450989
703,1.547265578841055,0.7809361241005823,0.6635596752166748
704,1.4556393646551078,0.6552213206578962,0.6461819410324097
705,1.318200043376187,0.5071911127759788,0.6060265302658081
706,1.4709104003527655,0.8613915534189135,0.5427985787391663
707,1.531994543143397,1.1293868310946753,0.46926841139793396
708,1.4861814360504235,1.1861404357693244,0.3970806896686554
709,1.5625366145387125,1.5170238596367003,0.3308613896369934
710,1.5014524717480813,1.5020845487918486,0.2758568823337555
711,1.7152469715152912,2.2027911113181777,0.23106668889522552
712,1.6236207573293444,2.019338270583075,0.20258653163909912
713,1.4556393646551078,1.6117268534138378,0.18610131740570068
714,1.318200043376187,1.3143920301597376,0.1717306673526764
715,0.9669662223300561,0.6648859083542997,0.15156085789203644
716,0.4019379015167153,0.0829690828019049,0.11389435827732086
717,0.4324799729120313,0.1516750612938896,0.043025147169828415
718,0.4324799729120313,0.23287353429959734,-0.050089746713638306
719,-0.14781938359896762,2.2707683756570315e-09,-0.14777173101902008
720,-0.6059504545287034,0.12328025587410531,-0.2548375725746155
721,-0.9877263469701499,0.37353763342920754,-0.37654909491539
722,-0.9877263469701499,0.2261346621359948,-0.5121901631355286
723,-0.9877263469701499,0.1172082311269473,-0.6453694701194763
724,-0.9877263469701499,0.051863175555449496,-0.759991466999054
725,-0.9877263469701499,0.020062098934445393,-0.8460856080055237
726,-0.9877263469701499,0.00767894204118456,-0.9000967741012573
727,-0.9877263469701499,0.004166948582357006,-0.9231744408607483
728,-0.9877263469701499,0.004684201743571213,-0.9192851185798645
729,-0.9877263469701499,0.00882897508123076,-0.8937637209892273
730,-0.9877263469701499,0.018328660595995347,-0.852342963218689
731,-0.9877263469701499,0.035036351978923526,-0.8005463480949402
732,-0.9877263469701499,0.059736769909819465,-0.7433152794837952
733,-0.9877263469701499,0.09176608760602052,-0.6847971677780151
734,-0.9877263469701499,0.12922559889538798,-0.6282467246055603
735,-0.9877263469701499,0.1695067767460854,-0.5760143399238586
736,-0.9877263469701499,0.20987661466900118,-0.5296034216880798
737,-0.9877263469701499,0.24795313786344805,-0.48977741599082947
738,-0.9877263469701499,0.2819911997833148,-0.45669791102409363
739,-0.9877263469701499,0.31097470377250114,-0.4300752878189087
740,-0.9877263469701499,0.3345595943935639,-0.4093150794506073
741,-0.9877263469701499,0.35292901321653714,-0.39364805817604065
742,-0.9877263469701499,0.36661801423024304,-0.38223645091056824
743,-0.9877263469701499,0.376349029644603,-0.37425342202186584
744,-0.9877263469701499,0.38290027358260065,-0.3689369857311249
745,-0.9877263469701499,0.38701487666967116,-0.3656211495399475
746,-0.9877263469701499,0.3893470632595665,-0.36374953389167786
747,-0.9877263469701499,0.3904385544868658,-0.3628755211830139
748,-0.9877263469701499,0.3907151774953508,-0.3626542091369629
749,-0.9877263469701499,0.39049632208531865,-0.3628292977809906
750,-0.9877263469701499,0.3900104774868705,-0.36321815848350525
751,-0.9877263469701499,0.38941311890437147,-0.3636966049671173
752,-0.5601373474357298,0.03839720354233012,-0.36418530344963074
753,0.6920875797722147,1.0822550330531107,-0.34822729229927063
754,0.6310034369815832,0.8038797060062558,-0.26558995246887207
755,0.6615455083768992,0.6142552191566665,-0.12219884991645813
756,0.6615455083768992,0.3662304552044891,0.05637573450803757
757,0.6615455083768992,0.1796492083368842,0.23769505321979523
758,0.6768165440745568,0.08061900053161183,0.39288169145584106
759,0.6768165440745568,0.030115620363911914,0.5032780170440674
760,0.6768165440745568,0.013386523944950171,0.5611163973808289
761,0.6768165440745568,0.011729714464168975,0.5685127377510071
762,0.6615455083768992,0.01614942151521708,0.5344651341438293
763,0.6615455083768992,0.036408588094972084,0.4707351624965668
764,0.6615455083768992,0.07370568787856355,0.39005759358406067
765,0.6462744726792411,0.11732856189874379,0.3037419021129608
766,0.6615455083768992,0.19507987318505657,0.2198670357465744
767,0.6920875797722147,0.2995987359731832,0.14473144710063934
768,0.6768165440745568,0.35291014571882856,0.08275413513183594
769,-0.11727731220365187,0.02298277985953456,0.03432341292500496
770,-0.11727731220365187,0.007464631946766291,-0.03087921068072319
771,-0.11727731220365187,1.2731343705489885e-05,-0.1137092113494873
772,-0.13254834790130984,0.004976679305867819,-0.20309393107891083
773,-0.13254834790130984,0.023882017956963437,-0.2870864272117615
774,-0.4837821689474405,0.016204149571517917,-0.35648664832115173
775,-0.9877263469701499,0.3235902513249348,-0.41887640953063965
776,-0.9877263469701499,0.24722265656215303,-0.4905114471912384
777,-0.9877263469701499,0.17678581127356446,-0.5672672986984253
778,-0.9877263469701499,0.12145771298915232,-0.6392185091972351
779,-0.9877263469701499,0.08411793042407721,-0.6976954340934753
780,-0.9877263469701499,0.06254099301929457,-0.737644374370575
781,-0.9877263469701499,0.0529569241706084,-0.7576026320457458
782,-0.9877263469701499,0.05241110669474089,-0.7587916254997253
783,-0.9877263469701499,0.05935825288827873,-0.7440908551216125
784,-0.9877263469701499,0.07319315762572143,-0.7171840071678162
785,-0.9877263469701499,0.09350717383682454,-0.6819369196891785
786,-0.9877263469701499,0.11954161332869606,-0.6419784426689148
787,-0.9877263469701499,0.1499879248550298,-0.6004436016082764
788,-0.9877263469701499,0.18308568563866134,-0.5598412156105042
789,-0.9877263469701499,0.21688769216086362,-0.522014319896698
790,-0.9877263469701499,0.2495576773504721,-0.488168865442276
791,-0.40742699045915126,0.00265459113371109,-0.4589497148990631
792,-0.19363249069194113,0.047888348066518566,-0.41246655583381653
793,-0.19363249069194113,0.02122327981791015,-0.33931460976600647
794,-0.19363249069194113,0.0028363282794602635,-0.24688968062400818
795,-0.19363249069194113,0.0020246870034356323,-0.14863596856594086
796,-0.17836145499428335,0.014482056068267898,-0.05802004039287567
797,-0.16309041929662538,0.031847069578810554,0.0153670534491539
798,-0.16309041929662538,0.05270922588192529,0.06649447977542877
799,-0.16309041929662538,0.06603798439182777,0.09388814866542816
800,-0.16309041929662538,0.06882046477868722,0.09924612939357758
801,-0.16309041929662538,0.06227676250873974,0.08646270632743835
802,-0.16309041929662538,0.04999940583003754,0.06051504984498024
803,0.4172089372143732,0.1526547910978654,0.02649831399321556
804,0.5851903298886098,0.3285004674742103,0.012040726840496063
805,0.6004613655862676,0.3287386413297552,0.027104023844003677
806,0.5851903298886098,0.2706773933666809,0.06492367386817932
807,1.5778076502363707,2.148988031653631,0.11186493933200836
808,1.5930786859340282,1.9572401144729028,0.19406470656394958
809,1.5778076502363707,1.6256464847972676,0.3027992248535156
810,1.5625366145387125,1.3152797726021517,0.4156801402568817
811,1.5778076502363707,1.1388509381978567,0.5106380581855774
812,1.5778076502363707,1.0077208625086052,0.5739546418190002
813,1.5625366145387125,0.9255458951686133,0.6004836559295654
814,1.5625366145387125,0.9420721631792379,0.5919325947761536
815,0.7531717225628461,0.039112304904793664,0.5554034113883972
816,0.6310034369815832,0.025340098204123612,0.4718177020549774
817,0.6310034369815832,0.08052495198246575,0.34723424911499023
818,0.6615455083768992,0.21018100487377595,0.20309048891067505
819,0.6004613655862676,0.28913683333641926,0.06274691224098206
820,-0.13254834790130984,0.005311966915507714,-0.05966510623693466
821,-0.13254834790130984,0.0023756935162880894,-0.1812894344329834
822,-0.13254834790130984,0.02746563729221105,-0.2982759475708008
823,-0.13254834790130984,0.07199605868322245,-0.4008691608905792
824,-0.13254834790130984,0.12144813550769104,-0.48104244470596313
825,-0.13254834790130984,0.1618895936602569,-0.5349034070968628
826,-0.13254834790130984,0.1848409458627393,-0.5624796748161316
827,-0.13254834790130984,0.18839019922630454,-0.5665877461433411
828,-0.14781938359896762,0.16306620730706312,-0.5516339540481567
829,-0.9877263469701499,0.21578796161174182,-0.5231965184211731
830,-0.9877263469701499,0.22228751548241765,-0.5162525773048401
831,-0.9877263469701499,0.2049296047032645,-0.5350348353385925
832,-0.9877263469701499,0.17398506345507064,-0.5706111788749695
833,-0.9877263469701499,0.1418216217426773,-0.6111342310905457
834,-0.9877263469701499,0.1162129862737656,-0.6468260884284973
835,-0.9877263469701499,0.09994925595129782,-0.6715788245201111
836,-0.9877263469701499,0.09298815004607816,-0.682786762714386
837,-0.9877263469701499,0.0943898773660331,-0.6804969906806946
838,-0.9877263469701499,0.1032120034752003,-0.6664600968360901
839,-0.9877263469701499,0.118613826704103,-0.643322765827179
840,-0.9877263469701499,0.13965256550476676,-0.6140251755714417
841,-0.9877263469701499,0.16510935330666116,-0.581389844417572
842,-0.9877263469701499,0.19347451466469942,-0.5478689670562744
843,-0.9877263469701499,0.2230793476467621,-0.5154135823249817
844,-0.9877263469701499,0.252297037280797,-0.48543456196784973
845,-0.9877263469701499,0.27973358518454455,-0.4588278830051422
846,-0.9877263469701499,0.30435738247481814,-0.43604040145874023
847,-0.9877263469701499,0.325547855773126,-0.4171583354473114
848,-0.9877263469701499,0.34307244411382887,-0.4020024836063385
849,-0.9877263469701499,0.35701652194205163,-0.39021775126457214
850,-0.9877263469701499,0.36769070712835483,-0.3813512921333313
851,-0.9877263469701499,0.37553781539955217,-0.3749149441719055
852,-0.9877263469701499,0.38105438429419713,-0.3704303205013275
853,-0.9877263469701499,0.38473154579240476,-0.3674590289592743
854,-0.34634284766851975,0.0003716023654066721,-0.36561983823776245
855,-0.34634284766851975,4.202818699399197e-05,-0.3398599326610565
856,-0.3616138833661777,0.005243967905018972,-0.289198637008667
857,-0.34634284766851975,0.015112376247523212,-0.2234104424715042
858,-0.331071811970862,0.031408202990955716,-0.15384821593761444
859,-0.331071811970862,0.05797601968939239,-0.09028971195220947
860,-0.331071811970862,0.08467949559044753,-0.04007439687848091
861,0.0659751161682425,0.0053487957619219595,-0.007160345558077097
862,0.6615455083768992,0.4065397145726838,0.023940838873386383
863,0.6615455083768992,0.3389016824917112,0.07939288020133972
864,0.6768165440745568,0.27155041845521916,0.15571154654026031
865,0.6615455083768992,0.17888559985945784,0.2385968118906021
866,0.6462744726792411,0.11217231433759511,0.3113531172275543
867,0.6462744726792411,0.08123525602721754,0.36125648021698
868,0.6462744726792411,0.06952112650237036,0.3826058804988861
869,0.6462744726792411,0.07309800415574873,0.3759080469608307
870,0.02016200907526889,0.10615308334997861,0.3459734320640564
871,-0.13254834790130984,0.1665318869728717,0.27553483843803406
872,-0.13254834790130984,0.0897904435891915,0.16710218787193298
873,-0.13254834790130984,0.029338251491051858,0.038735777139663696
874,-0.11727731220365187,0.0007659962575289916,-0.08960067480802536
875,-0.11727731220365187,0.00720142598509817,-0.2021385282278061
876,-0.1020062765059941,0.03543830382586432,-0.29025691747665405
877,-0.08673524080833611,0.06972105670916424,-0.35078269243240356
878,-0.08673524080833611,0.08876278806568602,-0.3846660852432251
879,-0.1020062765059941,0.08642216244636122,-0.3959827423095703
880,-0.11727731220365187,0.07472343900853189,-0.3906331956386566
881,-0.11727731220365187,0.0662258063162686,-0.37462106347084045
882,-0.14781938359896762,0.041930905515798894,-0.35258975625038147
883,-0.6059504545287034,0.07661537825568043,-0.3291556239128113
884,-0.9877263469701499,0.44058531989121724,-0.3239603340625763
885,-0.9877263469701499,0.404008672887336,-0.3521095812320709
886,-0.9877263469701499,0.33796572613641146,-0.4063781499862671
887,-0.9877263469701499,0.2656577826234944,-0.47230634093284607
888,-0.9877263469701499,0.20375942925204865,-0.5363291501998901
889,-0.9877263469701499,0.15895362223163317,-0.5890364646911621
890,-0.6364925259240192,0.00011915840530046035,-0.6255765557289124
891,-0.22417456208725686,0.16663197861369164,-0.6323803663253784
892,-0.22417456208725686,0.13781764541931002,-0.59541255235672
893,-0.2089035263895991,0.09744102512742224,-0.521058976650238
894,-0.22417456208725686,0.03955595084509588,-0.423061341047287
895,-0.22417456208725686,0.008758767955462784,-0.3177628517150879
896,-0.2089035263895991,0.00010317734070990309,-0.21906115114688873
897,-0.2089035263895991,0.00529469719709732,-0.13613885641098022
898,-0.2089035263895991,0.018133501071066635,-0.07424283772706985
899,-0.19363249069194113,0.025223895126490477,-0.034812167286872864
