,Global_active_power at scale: 5^3,mse,predicted
0,0.6343753066061376,0.06956429277728943,0.3706248700618744
1,0.7363665765131414,0.1828765792594844,0.30872586369514465
2,1.2993339511617366,1.0602336706122377,0.2696574628353119
3,0.520693933005291,0.06948568105711202,0.25709256529808044
4,1.4145881101314697,1.3462570913576486,0.2543049156665802
5,0.5461672987827662,0.07859955608196548,0.26581117510795593
6,1.8463327636750242,2.46184782071259,0.27730509638786316
7,1.822011460631113,2.3122723386776234,0.3013956844806671
8,0.9897819405157177,0.4264631700862792,0.3367404639720917
9,1.2600724316371745,0.7932328361216451,0.36943623423576355
10,1.1370198650656402,0.5436562056351044,0.3996894061565399
11,1.3791720709894033,0.9072500044976808,0.42667534947395325
12,2.3417794212940994,3.5648863054929523,0.45368877053260803
13,1.0257466393561814,0.2858257914909814,0.4911198616027832
14,1.9606393382054357,2.0637420107707216,0.5240663290023804
15,1.669000193614361,1.2318220054886884,0.5591254234313965
16,1.9132664496191225,1.7417541707494608,0.5935111045837402
17,1.8543637405087843,1.5033829612958647,0.6282385587692261
18,0.3026254978291274,0.12911319271081254,0.6619487404823303
19,-0.8129296642019299,2.2266597467107907,0.6792699694633484
20,-0.9433643354990361,2.60189818134125,0.6696757078170776
21,-0.8413032907191182,2.1824036375037985,0.6359927654266357
22,-0.4136938133817229,0.9995467538701012,0.5860795378684998
23,0.8996017723271234,0.1358616288464993,0.5310076475143433
24,0.5651881069116259,0.0054796391705862505,0.4911635220050812
25,-0.5572657529653495,1.0450035746667738,0.4649884104728699
26,-1.131643234115022,2.452227791953277,0.43431583046913147
27,-0.9995733528694458,1.9238994509424296,0.3874736726284027
28,0.40301182236061284,0.005858433477899855,0.3264714181423187
29,0.30533293245175713,0.000959217250757374,0.2743616998195648
30,-0.6432322725429013,0.7720457957224461,0.2354290932416916
31,-0.8603935979078604,1.1133683491407933,0.19476911425590515
32,-1.0050571601880869,1.3242333827125337,0.1456962376832962
33,-1.0999975806705675,1.408278609758053,0.0867115706205368
34,-0.01781039511759593,0.0013530269518091395,0.01897311955690384
35,-0.29846796393151703,0.06766446134884531,-0.03834402933716774
36,-1.0572939186630554,0.9451761782151693,-0.0850922018289566
37,-0.29256454738063703,0.02493302079503773,-0.13466261327266693
38,0.19154045232428832,0.13654742828681576,-0.17798279225826263
39,1.0909281281430931,1.680625261993753,-0.20546118915081024
40,1.2630981805606802,2.1513399460381013,-0.2036464959383011
41,2.359749364546027,6.419579847546133,-0.17393961548805237
42,0.35921329945863567,0.22007737973793445,-0.1099107563495636
43,0.7997438639456314,0.721137486396626,-0.049454279243946075
44,1.0152453409847249,1.021950941545069,0.004329448565840721
45,1.2829244983718648,1.508634291325171,0.05465975031256676
46,2.3602365240217047,5.080651521456778,0.10620646178722382
47,0.9086394924778458,0.5429119679688288,0.17181389033794403
48,0.19072418567552613,0.0016833971591294309,0.231753408908844
49,-0.19166516571176334,0.21631707982528714,0.2734338343143463
50,-0.9204851045510399,1.4742880458858219,0.29371753334999084
51,0.35632325449642055,0.004610861188805599,0.2884199321269989
52,2.4171913628669617,4.571886331435693,0.2789943814277649
53,0.9883644532513212,0.4771093336308433,0.29763343930244446
54,-1.109074762155052,2.062908636363896,0.32720816135406494
55,-1.1537682718273807,2.212056618785426,0.33353015780448914
56,-1.1047432631724825,2.0080168367773354,0.3123018443584442
57,-0.523471501561961,0.6287781649971957,0.2694838345050812
58,2.002212435723437,3.1777345905829364,0.21959228813648224
59,1.8535430109091928,2.7246594167867686,0.20288877189159393
60,1.0629733788484241,0.7101877739538568,0.22024698555469513
61,1.680970279252711,2.044733810246978,0.2510283887386322
62,1.7978039222853688,2.2662202343998894,0.2924068868160248
63,2.063671903809732,2.969928564163119,0.3403238356113434
64,0.05010265684853797,0.11768438437621044,0.39315423369407654
65,-0.7419937018347179,1.3626644155008723,0.425338476896286
66,-0.5690067990061204,0.9921438001755096,0.4270573556423187
67,-0.27340254632176314,0.46185462728463456,0.40619632601737976
68,0.581032669442215,0.0424965450986203,0.37488576769828796
69,2.3789528111520033,4.114893503131972,0.35043278336524963
70,1.6262468713882714,1.6087133277820642,0.35789623856544495
71,2.264517845733357,3.5306919968942,0.38550427556037903
72,1.5301034466963854,1.2103990526531443,0.42992207407951355
73,1.3517450833879934,0.7677544417091028,0.47552910447120667
74,0.9895993678440056,0.22530488828788256,0.5149364471435547
75,1.1231061343753734,0.335923295824823,0.5435172319412231
76,1.3119807538871961,0.558968308039088,0.5643389225006104
77,0.2718830142623876,0.09629925239323237,0.5822042226791382
78,1.1921442394599464,0.36468006812207393,0.5882567763328552
79,1.1019781286746635,0.25871973964677886,0.5933331251144409
80,-0.023044962270646816,0.3876772695488807,0.599592387676239
81,-0.35651805942417825,0.9058268329462726,0.595231294631958
82,0.7695151105384281,0.037339371113423656,0.5762811303138733
83,0.927728827271406,0.13655181722364457,0.5581996440887451
84,-0.41717567869291466,0.9297335718189056,0.5470512509346008
85,0.9852766125380934,0.2098586626265558,0.5271732807159424
86,1.5844544350441896,1.1485401121789274,0.5127547979354858
87,0.597589666797316,0.007141420221903877,0.51308274269104
88,-0.9403119264430428,2.117884532582765,0.5149834156036377
89,-1.0441410781260438,2.3730322981006715,0.4963238835334778
90,-0.8102549947726582,1.6008642017794525,0.45499762892723083
91,-0.3350675788073987,0.5389187703544869,0.3990432918071747
92,0.4334833983208058,0.008580334434853622,0.3408533036708832
93,0.2528213201360205,0.001819822549355215,0.2954806983470917
94,0.016873152152361362,0.06026771717407034,0.26236799359321594
95,-0.48312203779032437,0.5160680347723264,0.23525671660900116
96,-0.9556572930748964,1.3451149156515019,0.20413359999656677
97,-0.051023287098585626,0.04487989844774521,0.1608254760503769
98,-0.11626525098978427,0.05539226521692873,0.11909036338329315
99,0.7809239605232808,0.4879005920813193,0.08242514729499817
100,-0.9225640672265977,0.9735684919723215,0.06413167715072632
101,-0.7146328687226099,0.5679883313367656,0.03901713714003563
102,-1.0665836623471356,1.1482308681760054,0.0049716876819729805
103,-0.2756947816928388,0.05507660937932713,-0.041010718792676926
104,-0.33904915033174826,0.06473125107459934,-0.08462578058242798
105,0.10298696362200456,0.050776441546802595,-0.1223493218421936
106,-0.8661193459640737,0.5168100555358006,-0.1472243219614029
107,-0.6769584332536378,0.2521418629010483,-0.174821138381958
108,0.6629201783256548,0.7545089271981424,-0.20570455491542816
109,0.7777833201298959,0.9915566330478343,-0.21798604726791382
110,-0.35617825152926685,0.0219741779903857,-0.20794135332107544
111,-0.7247742517272782,0.27758844064258054,-0.19790762662887573
112,-1.1061201683012345,0.8217480780269243,-0.1996169537305832
113,-1.1811078839986147,0.9257711571228907,-0.21893785893917084
114,-0.41417667087891347,0.02567143055435377,-0.25395360589027405
115,1.3701683395147326,2.7499761668057725,-0.28813686966896057
116,0.4362913767676346,0.5252117511845286,-0.2884235680103302
117,-0.3358876547294511,0.004554203611515449,-0.2684028148651123
118,0.3970952719970357,0.41802101755964477,-0.2494501769542694
119,1.8582607579511554,4.344980997677318,-0.22620104253292084
120,0.7235140751721026,0.8114127736681404,-0.17727045714855194
121,1.083114906105531,1.451505180521186,-0.12166938185691833
122,-0.025287728537254552,0.0013522664158017166,-0.06206090375781059
123,-1.0175345910595401,1.0015076559745903,-0.016781046986579895
124,-0.9144632143011133,0.8346542976102651,-0.0008690496906638145
125,-1.032787918118827,1.0473511862731064,-0.009386146441102028
126,-0.8382081527350197,0.6429111806065229,-0.03639072924852371
127,0.12918400314371095,0.04079829419704479,-0.072801873087883
128,0.31863478746119356,0.17470468494947153,-0.09934210777282715
129,0.851648375662223,0.9241797440525517,-0.10969430208206177
130,0.3876230577541807,0.23622437721625447,-0.09840613603591919
131,0.948036077083624,1.0509386705953632,-0.07711692154407501
132,1.91926891386448,3.8554716709539734,-0.04426658898591995
133,0.38064936047014036,0.1376764989485708,0.00960152130573988
134,0.21997878095387163,0.026051441262434992,0.058574192225933075
135,-0.8126733910307052,0.8229461328644113,0.09449039399623871
136,-1.091502659879572,1.430211670276997,0.10441191494464874
137,-1.0416408725593715,1.275924720426926,0.08792750537395477
138,-0.47137465194940714,0.27431822059954325,0.052379317581653595
139,-0.4745705780825954,0.23751757893751022,0.012787174433469772
140,-0.36875214559161196,0.11808494391899856,-0.02511724643409252
141,0.5503240467930407,0.37045967544700115,-0.05832993984222412
142,-0.2066328183653852,0.01777922887168021,-0.07329404354095459
143,1.3881841280151048,2.161456361649656,-0.0820050984621048
144,1.8766404063511481,3.774029024169644,-0.06604562699794769
145,-0.6328234587673476,0.37428538865830985,-0.021034779027104378
146,-1.08569998379751,1.1993239676675098,0.009436522610485554
147,-0.9766201335564996,0.9756296035462404,0.011119510047137737
148,-0.7281300700089607,0.5144167341253139,-0.010901561006903648
149,0.39607066763968024,0.1948258205788553,-0.04532011225819588
150,0.8881265552105926,0.9156265898889742,-0.06875723600387573
151,-0.011702475740751925,0.003327781561195624,-0.06938940286636353
152,-0.6449064816212196,0.33845725283503675,-0.06313569098711014
153,-1.1608718388598376,1.19936543363791,-0.06571640074253082
154,-0.944955160672441,0.7362714264592717,-0.08689256012439728
155,0.9702053666104211,1.1920528244078445,-0.12160634994506836
156,0.9435409310502032,1.165443288162781,-0.13601605594158173
157,0.07943753377685062,0.04198227832021185,-0.1254582405090332
158,-1.0971024654970691,0.9774541251516536,-0.10843966901302338
159,-1.1708119069598935,1.1264004743001321,-0.1094917505979538
160,-0.17161462840202435,0.0015736759423177536,-0.13194504380226135
161,-0.16284509970457714,4.2141208659397e-05,-0.15635347366333008
162,-1.1435945839132158,0.9364168934951181,-0.17590822279453278
163,1.5172917608084344,2.964312579874344,-0.20442615449428558
164,0.9407531642753959,1.3081621181755432,-0.20299598574638367
165,0.004497434280663752,0.03291517690463355,-0.17692796885967255
166,-0.11785498099481996,0.0009641218230420605,-0.14890529215335846
167,1.4208713897453191,2.398455774867625,-0.12782347202301025
168,0.12406638447896065,0.04673937773630234,-0.09212653338909149
169,-0.8102492785908385,0.5639589688934562,-0.059277262538671494
170,-1.1719360211918262,1.2660031882990523,-0.0467679500579834
171,-0.8297725102308662,0.5936622895057269,-0.05927767604589462
172,0.44854575484956316,0.28665618010083754,-0.08685706555843353
173,0.32843637201282294,0.1868247120196872,-0.10379587113857269
174,0.07511815809851907,0.03306742454373212,-0.10672634840011597
175,-0.5576758045224496,0.20748346958236003,-0.10217227041721344
176,-0.9159907927079085,0.6600212988130667,-0.10357384383678436
177,-0.4609767771041253,0.1171681851433404,-0.11867839097976685
178,1.2379740605221172,1.8974995872803182,-0.13952352106571198
179,1.1852224642284297,1.7473530650118827,-0.1366523653268814
180,-0.7555460025346402,0.4181927243100442,-0.10886777937412262
181,-0.9061798848504292,0.6631906352566989,-0.09181471168994904
182,-0.9421749892312574,0.7180836754939407,-0.09477680921554565
183,-0.448155937585607,0.11046484185645673,-0.11579342186450958
184,0.9245420437259547,1.1380219953396027,-0.14223909378051758
185,0.1074177288731589,0.06523846839467701,-0.14800049364566803
186,0.08951583944106203,0.05406984850633323,-0.14301340281963348
187,0.02292849008021661,0.02438840163542356,-0.13323937356472015
188,-0.721061182638925,0.35791887637906367,-0.12279796600341797
189,-0.005500084397989134,0.014100107941809064,-0.12424395978450775
190,1.5221068310744212,2.720724559539945,-0.12735506892204285
191,-0.23963520571730434,0.017793146765175682,-0.10624425113201141
192,-1.1919681328888148,1.2222332813880457,-0.08642153441905975
193,-1.155264469624298,1.1379383793189826,-0.0885225236415863
194,-0.7931373309556143,0.46359099898766604,-0.11226215958595276
195,-0.5657687471233019,0.17556133578209354,-0.14676834642887115
196,0.5044863640425172,0.4719160598501538,-0.18247510492801666
197,0.16396818400399057,0.13213052208286855,-0.19952943921089172
198,0.2661367018325726,0.2189547335638192,-0.20178928971290588
199,-0.7622161907139272,0.32435166332559134,-0.19269739091396332
200,-0.4857959942415526,0.0862283656488204,-0.1921493262052536
201,0.10355714855511373,0.09177865961240152,-0.19939278066158295
202,0.5825864963981653,0.6173270308437353,-0.20311512053012848
203,0.33735518552893573,0.2818333457014582,-0.19352459907531738
204,-0.9668010876132125,0.6266520275523108,-0.17518752813339233
205,-0.9475906341076631,0.6022815203922998,-0.17152264714241028
206,-0.8783895446318533,0.48082677096706505,-0.18497280776500702
207,0.44465781784388503,0.4295967141913822,-0.21077845990657806
208,0.49163282478535486,0.5121605926765789,-0.22402113676071167
209,0.5082037539123606,0.5296379737722976,-0.21955855190753937
210,0.1086178749093283,0.09549125181961818,-0.20039871335029602
211,0.15215620769621016,0.1088258794165162,-0.1777314692735672
212,2.82120954413958,8.859511881189253,-0.15528367459774017
213,2.026514639499114,4.509120910821678,-0.09695443511009216
214,2.952089472981925,8.812867038503843,-0.01655786857008934
215,2.9102733488634303,7.987537240085772,0.08405020833015442
216,1.5530719743805863,1.8490746671995955,0.1932651251554489
217,0.4724993662692859,0.03408851285008408,0.2878686189651489
218,-0.1241534602417547,0.2280601461869113,0.3534029722213745
219,-0.32293136537499795,0.5048026527754559,0.3875632882118225
220,-0.03606608394316507,0.18690326022186632,0.3962570130825043
221,1.043274757706172,0.4248940630510627,0.39143577218055725
222,-0.6944560251668866,1.1821437522224727,0.39280831813812256
223,0.35963396596902,0.0005543999245773857,0.3831796646118164
224,2.6982373371272295,5.406381240872718,0.3730747103691101
225,0.774328620231652,0.1457658442528279,0.3925356864929199
226,-1.0708680251871545,2.216704428356928,0.41799208521842957
227,-1.1011249774081722,2.309876868781174,0.4187029302120209
228,-0.8750696569345051,1.6052363602213329,0.39190956950187683
229,-1.0234395313704654,1.8762568584280817,0.34632572531700134
230,0.7763881607178881,0.23929196109578924,0.28721338510513306
231,0.33903452865215455,0.009112244372156431,0.24357645213603973
232,0.05088884213133545,0.026955636670960917,0.21507056057453156
233,-0.33329694787265646,0.27782824168955494,0.19379720091819763
234,-0.93670560383087,1.2254935888810816,0.17031453549861908
235,-0.19597715467869864,0.1089910604481247,0.13416078686714172
236,3.286921258429639,10.18057897971746,0.09621930122375488
237,0.4417222508673555,0.11135811205116812,0.10801862180233002
238,-0.7266851080115713,0.736993475533929,0.1317981332540512
239,-0.9912613483055163,1.2752826770430152,0.1380227953195572
240,-0.9181724459941197,1.0773977831079478,0.11980529129505157
241,0.2926246449789206,0.044000177740697505,0.08286245167255402
242,0.46687959452552585,0.1727124028499088,0.0512927770614624
243,0.6479089867031071,0.3767449403272051,0.03411346673965454
244,3.117398868194196,9.51273928439343,0.033125974237918854
245,1.174102486392485,1.2039055382864179,0.0768761932849884
246,0.7580832143968914,0.39036077885339915,0.13329462707042694
247,0.5995965965913469,0.17266396974066608,0.18406805396080017
248,0.8822239521713326,0.43424884736738584,0.22324834764003754
249,-0.13946007264893642,0.15614836780544386,0.25569605827331543
250,-0.9670879599374128,1.5343928456870377,0.27161815762519836
251,-0.9713597173687277,1.5225038366617685,0.2625381052494049
252,-0.801824411992749,1.0699808473950658,0.23257437348365784
253,0.8032260930876596,0.37554797993128985,0.19040639698505402
254,0.2890101361275976,0.015749814225858468,0.16351187229156494
255,0.4585207856122166,0.09554470011044905,0.1494177281856537
256,1.492429125008733,1.8122618807641369,0.14622636139392853
257,-0.2848531521698915,0.2015308551106337,0.16406872868537903
258,-0.20081886471160482,0.1414686638707829,0.1753043383359909
259,0.9569458526360469,0.6113592751739145,0.17505118250846863
260,0.745374829930858,0.3189766988722784,0.18059460818767548
261,-0.9899570684589961,1.397548404887021,0.1922224462032318
262,-0.976140510674932,1.3482962917448167,0.18502110242843628
263,-1.0308390837817125,1.4114912343308241,0.15722288191318512
264,-0.20493116900643427,0.10103232187425622,0.11292465031147003
265,1.059682927164517,0.9809738784377084,0.06924167275428772
266,-0.02962435965246098,0.006314398475666846,0.0498388297855854
267,-0.06288555462341856,0.010584743443376154,0.03999662771821022
268,-0.8740634817924913,0.8219337656910436,0.0325421467423439
269,-0.8472393261112023,0.7401915428240751,0.01310452539473772
270,0.3487765865665482,0.13517953310651543,-0.0188911072909832
271,0.3995549455512593,0.19545795008051925,-0.04255132004618645
272,-0.8317640134129051,0.6070892219327934,-0.052604708820581436
273,-1.0179498504285565,0.9002222574164715,-0.06914941966533661
274,-0.7754745643719193,0.4578432491752335,-0.09883341193199158
275,-0.8064817708130722,0.4489608950434028,-0.136436328291893
276,1.2526393928663893,2.04810928285584,-0.1784822940826416
277,0.5148470904979088,0.49796693791330937,-0.1908206343650818
278,0.006998573240688993,0.03572266730200221,-0.1820058375597
279,-0.04313321820590514,0.015566462540821033,-0.16789884865283966
280,0.17520997182577253,0.10917597147113134,-0.15520790219306946
281,0.9565416545393876,1.2072352712702388,-0.14220093190670013
282,1.1435477854462155,1.588885785060948,-0.11696234345436096
283,0.447902564348905,0.27587190060169003,-0.0773325264453888
284,-0.8950654523968125,0.7357833675392635,-0.03728729486465454
285,-1.0540538117555946,1.069102193579745,-0.020079830661416054
286,-1.0241614250457007,0.9917439875643576,-0.028297986835241318
287,-0.7709960110418954,0.5115887489562,-0.05574168637394905
288,0.8979315887384024,0.9800759986931212,-0.0920562893152237
289,-0.27555900198492667,0.028393992574627245,-0.10705383121967316
290,1.5901943361389133,2.9061618188475853,-0.11455251276493073
291,-0.07066280249532338,0.000501513725445415,-0.0930573046207428
292,0.3070714848868945,0.1417119847042879,-0.06937503814697266
293,1.3580100278243936,1.9721126587538567,-0.04630925878882408
294,0.37580686485723264,0.14894042398092874,-0.010121138766407967
295,-0.4507953754047608,0.226107597128346,0.024712350219488144
296,-0.9034896159477147,0.8954446450924212,0.042789753526449203
297,-1.093743539783283,1.2807645977193836,0.03796516731381416
298,-0.8304842869541844,0.7094134219212614,0.011782548390328884
299,-1.0691251418563648,1.0877659096129506,-0.02616497501730919
300,-0.6734312020526878,0.36003936789208385,-0.0733983963727951
301,0.055818180094403064,0.03127277637349871,-0.12102292478084564
302,0.2230038831032479,0.142825929683747,-0.15491929650306702
303,-0.05347213661404755,0.013887892089872032,-0.17131903767585754
304,1.173433509514644,1.8257483971135693,-0.17776906490325928
305,1.3033586022300148,2.142545282787733,-0.16038498282432556
306,0.2238105834089148,0.11853818176355235,-0.1204831600189209
307,-0.9337599320053663,0.726558340026003,-0.08137601613998413
308,-0.9515493937200947,0.783633291905716,-0.06631875038146973
309,-0.8450115933282814,0.5920685678067125,-0.07555167376995087
310,-0.08581606904239167,0.00023541304158539397,-0.1011592447757721
311,0.43115100482196334,0.3094399164801039,-0.12512223422527313
312,0.22673679485917905,0.13037802514825061,-0.13434217870235443
313,0.08617883149633906,0.04748380649424355,-0.13172896206378937
314,-0.3766880963873052,0.06415214093698918,-0.12340536713600159
315,-0.7968105074676257,0.4584772675401614,-0.11970101296901703
316,0.4190651613560995,0.30002852254970325,-0.1286834329366684
317,1.608510144167261,3.026636702757764,-0.1312130242586136
318,-0.51270342372072,0.16536945544420847,-0.10604698956012726
319,-1.0348609530378419,0.8995568624928029,-0.0864112377166748
320,-1.0352613722258992,0.8979698807183046,-0.08764864504337311
321,-0.6796210959695267,0.3258338214526392,-0.10880254209041595
322,1.0923984314622275,1.516971722164582,-0.13925562798976898
323,-0.598759116246032,0.20439811104121164,-0.14665502309799194
324,-0.12511235153016453,0.0007670536570829144,-0.1528080850839615
325,2.180052180232115,5.4620094008840825,-0.15704204142093658
326,1.5434862942266163,2.7866697066257182,-0.12584581971168518
327,-0.6279634356500277,0.31127004411891884,-0.07004763185977936
328,1.1336604438953979,1.3573051513304635,-0.03137395530939102
329,1.4728922116570022,2.1452435247157142,0.008227224461734295
330,-0.928725061208101,0.971421098396838,0.05688190832734108
331,-0.9787076892697888,1.1232729480070514,0.08113802969455719
332,-0.9719868634948108,1.1023193571558445,0.0779271125793457
333,-0.016031449163810357,0.004838634049048025,0.05352884158492088
334,0.7797881189002901,0.5643125259727393,0.028580740094184875
335,0.020439400455502157,2.346111808159308e-07,0.020923767238855362
336,0.06932805820940831,0.002401255041463674,0.02032545581459999
337,0.10314700828894731,0.006506190243407488,0.022486049681901932
338,0.2433405945953289,0.04738191841767792,0.02566671371459961
339,0.30976904182458626,0.0777834236204595,0.030872244387865067
340,0.7514716550625713,0.5082203273485234,0.0385759212076664
341,-1.0207949482888707,1.1556900468561828,0.0542353056371212
342,-1.0770955131205975,1.2748007550361018,0.05197523534297943
343,-1.0884720676993656,1.2474281552164839,0.02841116487979889
344,-0.7673582344537155,0.5702882937169654,-0.012183887884020805
345,0.1655889437562403,0.05068462800985671,-0.05954352393746376
346,0.21645788208784883,0.09679973234045963,-0.0946686714887619
347,-0.5981139344907925,0.23473968800038705,-0.1136145144701004
348,-1.02449427087922,0.7973713475318095,-0.13153775036334991
349,-0.9087898566450479,0.5615369383746801,-0.15943217277526855
350,0.2888480413695756,0.2351826496530195,-0.19610829651355743
351,1.5152019649949557,3.0117077555189384,-0.2202252894639969
352,0.446477707911372,0.43007394817666555,-0.20932252705097198
353,0.022835803166526426,0.042329285629909334,-0.18290501832962036
354,-0.580790870621587,0.1794016233779346,-0.15723258256912231
355,-0.644025640653894,0.24819139310494945,-0.14583753049373627
356,-0.20755519129136357,0.0033608979833239824,-0.1495819389820099
357,0.8436790413653091,1.0034285332174024,-0.15803375840187073
358,0.12483706377779001,0.07604219856581002,-0.15092043578624725
359,0.1721004296852146,0.09573941433861327,-0.13731743395328522
360,1.087835092349835,1.4609184560323862,-0.12084950506687164
361,-0.11423500312446086,0.0005774095952238477,-0.09020565450191498
362,0.4333026590429482,0.2474506142722025,-0.0641414225101471
363,0.6014498371550133,0.41005231166062445,-0.038903433829545975
364,0.5434636257488539,0.30776720271473446,-0.011304075829684734
365,-0.7823205854997757,0.6398980908840626,0.01761571876704693
366,-0.9126298848715719,0.8853003513242181,0.02827412262558937
367,-1.0286619919191398,1.09573095100148,0.01810968853533268
368,-0.18093315447356043,0.02920544044523009,-0.010037161409854889
369,0.6037657988381729,0.412741455968686,-0.038683775812387466
370,0.3659829973223033,0.17367474833894453,-0.05076002702116966
371,0.026626613262353584,0.005723651770922975,-0.04902820661664009
372,0.4553595778451124,0.24851110492441877,-0.043149303644895554
373,1.0731278872631445,1.2190263816385416,-0.030967390164732933
374,3.97896519347269,15.87305303985309,-0.005134835373610258
375,1.7891986950269303,2.96399145589001,0.06757403910160065
376,1.4406844679436286,1.6604828506302338,0.1520872265100479
377,-0.7878326510547558,1.0362163815617036,0.23011448979377747
378,-0.889747912036366,1.346818594840768,0.27077722549438477
379,-1.1189958765450958,1.9437397040862838,0.2751847803592682
380,-0.40147421943705686,0.42503042656453605,0.2504693567752838
381,0.2186525820872777,1.0182386806347315e-05,0.2154615968465805
382,0.007093979308883269,0.03232894215696693,0.18689648807048798
383,0.8290955997774685,0.44047739243238504,0.16541089117527008
384,0.11269720145265025,0.0022838302976982763,0.16048663854599
385,2.5060188181600918,5.502046603881941,0.16037464141845703
386,2.3593561322552064,4.700647967510521,0.19125835597515106
387,0.07596696468466872,0.029367581266306463,0.24733668565750122
388,-0.4151276204859191,0.497315743705454,0.2900785505771637
389,-0.5328419037731704,0.7048431036637453,0.3067074418067932
390,-0.9541223049550276,1.571193699465611,0.2993503510951996
391,0.3019049019862365,0.0010345741860540792,0.26974010467529297
392,0.9195059594450155,0.4607051619270224,0.24075330793857574
393,1.2407858947487584,1.0264989290157411,0.22762306034564972
394,0.162358801706416,0.005232776010336621,0.23469673097133636
395,-0.16318432067607377,0.16512948393452095,0.24317695200443268
396,-0.7478676469687086,0.9818006228537854,0.2429908812046051
397,1.115347678350923,0.7912977891636923,0.22579847276210785
398,0.8757545502326637,0.43189731876549997,0.21856559813022614
399,0.5337269924864255,0.09640017195865126,0.22324322164058685
400,-0.3811219010169507,0.3764659714203426,0.2324463278055191
401,-0.9611334817413809,1.4204234333754955,0.23068170249462128
402,0.07837954396673408,0.01702674247552287,0.20886610448360443
403,0.08190342848535757,0.010364831637053701,0.1837112456560135
404,0.44611329118339926,0.08104967466060167,0.1614210456609726
405,2.0301937412956264,3.5412918399532445,0.1483616977930069
406,2.666887506785622,6.258996681825207,0.16508881747722626
407,0.05015092459375546,0.027221149146361413,0.2151392549276352
408,-0.5374772602215059,0.6290757390209789,0.25566568970680237
409,0.7105978273791335,0.19371833420163653,0.27046337723731995
410,1.0794922938636287,0.6422196512174841,0.2781062126159668
411,-0.03817639190997446,0.1079384739700239,0.29036352038383484
412,0.4577444987755641,0.026440184840303818,0.2951401174068451
413,-0.9054044609512033,1.4471587873933554,0.2975746691226959
414,0.5205033405362544,0.05670030549943915,0.28238508105278015
415,0.09814125259057983,0.028972378924847386,0.26835399866104126
416,-0.08490246824398633,0.11571688526529765,0.2552693784236908
417,-0.9264930815213547,1.3617128108180956,0.24043142795562744
418,-0.9103679915591759,1.2603161416848119,0.21227003633975983
419,-0.614157377713123,0.6163169145644061,0.17090116441249847
420,0.3071380212250236,0.03362725825205337,0.1237606555223465
421,-0.9961767322319907,1.1751744443808543,0.08787789940834045
422,-0.11466451978414553,0.026189485223338735,0.04716713726520538
423,-1.0709715295917852,1.1706136484778764,0.010977474972605705
424,-1.0766406679828133,1.0898297697386845,-0.03269154578447342
425,-0.4449021463786205,0.1292337148676497,-0.08541123569011688
426,0.6119297014049516,0.558679268519928,-0.13551880419254303
427,-0.04334408851012928,0.014337774954467423,-0.16308453679084778
428,-0.8588298396765129,0.4642689198208715,-0.1774570196866989
429,-0.8656523224225343,0.4470883600489848,-0.19700565934181213
430,-0.9187945041155694,0.4807458471241303,-0.22543612122535706
431,0.345320220050621,0.3687532505626332,-0.26193034648895264
432,2.0334937801018076,5.370321633379962,-0.2839016616344452
433,2.095317729770988,5.556328358259393,-0.26186880469322205
434,0.2965264906138157,0.2463270719134712,-0.1997869908809662
435,-0.9502447866957516,0.660226598471559,-0.13770149648189545
436,-0.9733009029616687,0.7543930053128965,-0.10474289953708649
437,0.6421114108489552,0.552746205682208,-0.10135762393474579
438,-0.330559692687177,0.054871429390442726,-0.09631317853927612
439,-0.6875940587347444,0.3510166490008599,-0.09512747824192047
440,-0.28983072878668487,0.034761703645238284,-0.1033858209848404
441,0.23560048310595752,0.1224960507080039,-0.11439387500286102
442,-0.5123280097852184,0.1557527455689272,-0.11767278611660004
443,-0.5713067747681199,0.20061282773794936,-0.12340854108333588
444,-0.49120978134484183,0.12695310037272164,-0.13490499556064606
445,-0.03298510833134367,0.013823352107084512,-0.15055786073207855
446,-0.8434157060104872,0.46443615884679906,-0.16192017495632172
447,-1.2045198545315403,1.0498639125318758,-0.1798911839723587
448,-1.0893443401996936,0.7708061197495786,-0.2113886922597885
449,0.22640369968971102,0.23011948162128626,-0.25330400466918945
450,0.1483818934635678,0.18482753557381096,-0.2815338373184204
451,0.2577451409945442,0.3032725941853339,-0.29295676946640015
452,0.38759480215926356,0.4578486896218999,-0.2890503704547882
453,1.6682395529067524,3.7656110754990033,-0.27227869629859924
454,2.3367430188847793,6.576343285981899,-0.22769518196582794
455,3.4872349669742544,13.239402324214144,-0.15136398375034332
456,2.607873157649812,7.016767163341705,-0.04104495421051979
457,1.1407356875526988,1.128820728213069,0.07827593386173248
458,-0.3527563925313554,0.28169812817337675,0.17799602448940277
459,-1.134198928420262,1.8830468749081302,0.23804262280464172
460,-1.1522044769560182,1.979790476297691,0.2548457980155945
461,-0.6080586205730357,0.7171614034979561,0.238795205950737
462,-0.03684141710383457,0.06001020041288458,0.20812837779521942
463,1.0895763213748875,0.8283398928421155,0.17944452166557312
464,0.7203957459985237,0.3004965922707023,0.17222005128860474
465,-0.6275631089928988,0.6539874478228728,0.18113179504871368
466,1.1330115102235254,0.9054143882588035,0.1814788579940796
467,1.1942657099648204,1.005179422058312,0.19167934358119965
468,-0.9397302267055224,1.3316921983346297,0.21425946056842804
469,-1.1324866793967194,1.8227101095001634,0.21759113669395447
470,-0.9155045564253543,1.2337072384931251,0.19521918892860413
471,-0.6738017249796013,0.6862835530427182,0.15462060272693634
472,0.8828496667032197,0.6034768736285884,0.10601192712783813
473,0.32860132475637327,0.06333823749987104,0.07693043351173401
474,-0.04326083708451064,0.011322683495186584,0.06314726173877716
475,-0.41358650593358737,0.2187684656362267,0.05414040759205818
476,-1.129242435642347,1.3679458585753108,0.04034974053502083
477,-0.042838860210081015,0.00280193639904281,0.010094460099935532
478,1.0693750555499761,1.1863844305412325,-0.019837701693177223
479,-0.5233239788488039,0.24567382161613732,-0.027669036760926247
480,-1.0669410303980889,1.062552211039888,-0.03613929823040962
481,-1.1560115237709927,1.2028227385550396,-0.05927876755595207
482,-0.965823105798511,0.7522457020941837,-0.09850211441516876
483,0.8027213381824293,0.9021700885932128,-0.14710500836372375
484,0.607438058215222,0.6096489431102956,-0.173362135887146
485,-0.3143237320923401,0.019193053196739175,-0.17578473687171936
486,2.141373446913754,5.362078370530398,-0.1742427498102188
487,0.22772884134089671,0.13442477973688582,-0.13891100883483887
488,1.0937302240802107,1.4244683463111936,-0.09978070855140686
489,1.8317256719759105,3.555199662813864,-0.05379803851246834
490,1.1108865543158861,1.2191395309238198,0.006740037351846695
491,-0.9530776624408931,1.0439290753006898,0.06865081191062927
492,-1.0578338470513704,1.3407326567594666,0.10006625950336456
493,-1.1058196429961649,1.4525120015957527,0.0993824154138565
494,-0.7459914169386337,0.6720962238669821,0.07382333278656006
495,0.8875819164350316,0.7239737092360216,0.036715470254421234
496,0.24861337243264328,0.053080644320351644,0.01822100207209587
497,-0.6255822018517271,0.40853062756675934,0.013581804931163788
498,-1.0028133617541901,1.015634206747233,0.004973424598574638
499,-0.7831195982540207,0.5863073196835686,-0.017412526533007622
500,-0.11113138278166679,0.0037387230773603,-0.04998628422617912
501,2.096250663383389,4.732342140353963,-0.07914404571056366
502,0.22948149069385843,0.0891369944238532,-0.06907670199871063
503,-1.1257437457842527,1.1621790909192968,-0.047699641436338425
504,-1.1109137124607353,1.1344092022830405,-0.0458272360265255
505,-1.1337431521014565,1.1383006019879138,-0.06683143973350525
506,0.5026716133864567,0.37058875376080264,-0.10608839988708496
507,0.031260752290896004,0.02695261268692891,-0.13291175663471222
508,-0.08535794015427237,0.003897469965007428,-0.1477876603603363
509,-0.6751923828415434,0.2701609389128114,-0.15542230010032654
510,-0.988369607842977,0.6732150337979723,-0.16787278652191162
511,-1.0732897374392294,0.776741647323816,-0.19196026027202606
512,0.12157255219886168,0.12207851473187425,-0.22782480716705322
513,1.4991456133039258,3.073163354615968,-0.25389841198921204
514,-0.41658350234750385,0.029631393430616174,-0.2444457858800888
515,-1.1584875875570757,0.8598491255338913,-0.23120708763599396
516,-1.1492131684122306,0.835197124739888,-0.23532196879386902
517,-0.8050411973526372,0.29907807150122007,-0.25816088914871216
518,0.026931769509660093,0.10043504943723418,-0.2899831235408783
519,0.33375012207908883,0.4173967366658603,-0.31231236457824707
520,0.7542760425190116,1.1470865482268684,-0.31674522161483765
521,1.0095476855611305,1.7116102726122806,-0.2987375557422638
522,-0.18641017825939823,0.00533880245729344,-0.25947728753089905
523,-0.14674460021495606,0.005978138644979223,-0.22406302392482758
524,-0.18831053236415976,9.374662739272135e-05,-0.19799281656742096
525,0.5586574751998237,0.5473664796772859,-0.18118472397327423
526,-0.2571088926941568,0.009411402154480582,-0.16009651124477386
527,-1.1517238389569617,1.014684263754842,-0.1444084644317627
528,-1.1413910598571422,0.9855869618746477,-0.1486237347126007
529,-1.1060559451562164,0.8730229521965281,-0.17169897258281708
530,0.23957892226399702,0.20045965279294148,-0.2081482857465744
531,0.8944950247954462,1.27028912336132,-0.23257601261138916
532,0.7952697289014118,1.05110444939537,-0.22996412217617035
533,0.3847173916873605,0.34755241190071345,-0.20481836795806885
534,-0.500793450759771,0.1085281847035773,-0.17135728895664215
535,0.5662674693540476,0.5125567801916653,-0.14966323971748352
536,2.2682960387693454,5.735351303372737,-0.12656331062316895
537,-0.036292267861120525,0.0015297663118289486,-0.07540449500083923
538,-1.1150790734325673,1.1765164114402475,-0.030405661091208458
539,-1.0544397718323288,1.081838336830205,-0.014325193129479885
540,-0.994843361632137,0.9404051493508222,-0.025098472833633423
541,-0.8495971809751982,0.6322413944532701,-0.05446109548211098
542,0.03723903882213336,0.017008605065359568,-0.09317800402641296
543,0.04310476277572528,0.02755632274972995,-0.122896209359169
544,0.5203208086613714,0.43597819232919716,-0.13996563851833344
545,-0.313533654407589,0.030361498481448517,-0.13928814232349396
546,2.200860575825582,5.464995028947787,-0.1368723064661026
547,2.415366923906348,6.332701613799591,-0.1011190414428711
548,0.5551152213438143,0.3445353988605662,-0.03185615688562393
549,-0.5671315146705425,0.36153066669699124,0.034142687916755676
550,-1.1738055238412963,1.5527074938880543,0.07227131724357605
551,-1.1197441549872758,1.427734539270155,0.07513430714607239
552,0.5713918937400897,0.27115977382329265,0.050661854445934296
553,0.6601419919528987,0.39462988639901186,0.03194625303149223
554,-0.06756389261851213,0.009310904705804516,0.02892913669347763
555,-0.5095936108127156,0.29112058626644416,0.02996230497956276
556,-1.1236425946593538,1.3175882989419543,0.024219896644353867
557,-1.041457406108348,1.0876438494931713,0.0014442428946495056
558,1.226067146494458,1.592950691820384,-0.03605435788631439
559,0.9873950436402015,1.077641121480944,-0.050699904561042786
560,-0.7193614301197198,0.4607731673016487,-0.04055868461728096
561,-1.1435376447713201,1.224278780269745,-0.037066325545310974
562,-0.8182083919466261,0.5846753705549502,-0.053567711263895035
563,-0.9725759828944628,0.789428534995511,-0.08407807350158691
564,0.955958534559415,1.1692466411244544,-0.12535855174064636
565,0.4487498771900121,0.35176135705116185,-0.14434485137462616
566,0.5913391521429731,0.5409461616370794,-0.14415127038955688
567,1.2668949989945448,1.9473610057963173,-0.12858377397060394
568,0.5620875170886881,0.4295759838293067,-0.09333294630050659
569,-0.2719205969285912,0.04762330997681974,-0.05369294062256813
570,0.025462089481773965,0.00279624483175701,-0.027417441830039024
571,-0.38550068825521216,0.1398286485316342,-0.011563997715711594
572,-0.982740070533629,0.9493485208489797,-0.008394895121455193
573,-1.1296942841660607,1.223503351698054,-0.02357342652976513
574,-0.8549483484724851,0.6382481740560312,-0.05604398995637894
575,-0.21952445534542436,0.0149721563779068,-0.09716369211673737
576,0.0856603575594568,0.04762963292915658,-0.13258178532123566
577,0.291657007525392,0.19899548126859892,-0.15443208813667297
578,-0.8223274521801818,0.4379868720472633,-0.16052168607711792
579,-0.5159122559705337,0.11871214907991912,-0.17136596143245697
580,0.19241381232290797,0.14397547132615401,-0.1870271861553192
581,1.3905308729999846,2.514933610407302,-0.19532334804534912
582,1.5602198998005052,3.015637745648941,-0.1763392686843872
583,-0.49719192258230355,0.13473047830162774,-0.1301354169845581
584,-1.0520151776955688,0.915235409940518,-0.09533581137657166
585,-1.0395107303462159,0.9064708254510614,-0.08742311596870422
586,-0.7165495022230244,0.37580596717866105,-0.10351935029029846
587,1.1120010048530118,1.5470078277838133,-0.13178668916225433
588,0.3962909424579293,0.28554818039272556,-0.13807614147663116
589,-0.03995062250295178,0.00785573516340574,-0.12858320772647858
590,-0.47494843215280247,0.12893377907483958,-0.11587493121623993
591,-0.9954806631743325,0.7822895927086824,-0.11100929975509644
592,-0.8061545277742457,0.46685991010709604,-0.12288305163383484
593,0.5096394711709182,0.43120748932546166,-0.14702443778514862
594,-0.04734701158198012,0.01248702771969654,-0.15909238159656525
595,-0.5216694491718522,0.12845489935976975,-0.16326339542865753
596,-1.1344216653642054,0.9302034788280968,-0.16995109617710114
597,-1.1251468802101603,0.8731133973742379,-0.19074150919914246
598,-0.06537867206456696,0.025567710897838478,-0.22527773678302765
599,1.1564217551313807,1.9883059117515125,-0.2536512613296509
600,0.08728826726555222,0.11513752364822279,-0.2520309388637543
601,0.3880398394224825,0.39186976783575317,-0.23795518279075623
602,0.49194913633020093,0.5000139480230659,-0.21516750752925873
603,-0.1202196908331719,0.004313183066649569,-0.18589451909065247
604,-0.35753621295765925,0.03819342538774145,-0.16210483014583588
605,1.0842819530465408,1.5217260379522732,-0.14930064976215363
606,0.08757481950719208,0.0451213179632839,-0.12484297156333923
607,-0.9901899697190382,0.791494943858526,-0.10052995383739471
608,-1.0349906823269313,0.8829046786302864,-0.09536060690879822
609,-0.7737785032521504,0.44010535215509256,-0.11037413775920868
610,-0.8100960681961673,0.4531105416352043,-0.1369612067937851
611,0.37331907278181214,0.29532643163190064,-0.17012037336826324
612,0.11958719486816638,0.09502384524227567,-0.18867218494415283
613,0.5420814561318003,0.5413579501178126,-0.19368885457515717
614,-0.14462553236302064,0.001442939037294126,-0.18261156976222992
615,1.55357298575989,2.9699091544138527,-0.16976945102214813
616,2.257638939569972,5.723275265054184,-0.1346978396177292
617,1.6399788787406941,2.9230887010790902,-0.0697253942489624
618,-0.14797731784645293,0.024309727016662574,0.007938451133668423
619,-0.733122371449374,0.6367184117107443,0.06482400000095367
620,-0.818602197472595,0.8251971516811484,0.08980143070220947
621,-1.123982883128556,1.4669643033850714,0.08720013499259949
622,-0.4656183328458131,0.2776750342203378,0.061330463737249374
623,0.2956356038408249,0.07137957072298413,0.02846604958176613
624,0.0726003843994021,0.004397706413263295,0.006285179406404495
625,1.2167853345794502,1.4946455782702475,-0.005771649070084095
626,-0.7370531789910231,0.5517764138102662,0.0057633621618151665
627,0.596931251465375,0.344690484482219,0.009827781468629837
628,2.0557402193867587,4.150054009367363,0.018572084605693817
629,-0.6264408317441453,0.46258684342690365,0.053696539252996445
630,-0.8991311563886111,0.9506994779075991,0.07590703666210175
631,-1.0267931286829566,1.2122037944633333,0.07420814037322998
632,-1.125859410713651,1.3824155157931441,0.04990226402878761
633,0.8394013374796944,0.6915719143030721,0.007793308235704899
634,-0.03462052271509896,0.0002863880021423362,-0.017697520554065704
635,-0.08457596368267398,0.002684778097769876,-0.032761119306087494
636,-0.30044397815025425,0.06652916883424406,-0.04251148924231529
637,-1.105506693999523,1.1078571995549829,-0.052958738058805466
638,-0.9769784830369815,0.8091103558339446,-0.07747286558151245
639,0.6353293680105532,0.562139639317996,-0.11443035304546356
640,0.5449554631059342,0.46329861757165963,-0.13570496439933777
641,-1.0732469887082459,0.8749582128695693,-0.13785497844219208
642,-1.0977022808835915,0.899370913566135,-0.1493505984544754
643,-0.7420034401235541,0.3201961089953362,-0.17614470422267914
644,-0.6637068946809219,0.20533985831233173,-0.21056248247623444
645,0.9262443556705451,1.3760430016243672,-0.24680423736572266
646,1.49060255080879,3.055745284851452,-0.25746646523475647
647,1.66589336719709,3.6030721487932347,-0.2322826385498047
648,0.07797440931905618,0.06478209132449766,-0.17654885351657867
649,-0.4735000030394318,0.12157596139575558,-0.12482255697250366
650,0.20074391600224026,0.08667260234190788,-0.0936581939458847
651,1.0759526443953857,1.3187241056390073,-0.07240448892116547
652,-0.8175776210537025,0.5998109297698516,-0.04310300573706627
653,-1.1050056264481798,1.1552973718880892,-0.030158022418618202
654,-1.0830053793064722,1.0879792702663367,-0.03994293138384819
655,-0.7271826797870574,0.43420327305809747,-0.0682416558265686
656,1.1184000733385047,1.4944505869073073,-0.10407716035842896
657,0.3519367357995834,0.21782525687348078,-0.11478079855442047
658,-0.7083667572178226,0.35986330922875126,-0.10848067700862885
659,-0.5911995470355503,0.23339752841103922,-0.1080872118473053
660,-0.6861011051534297,0.323795155722863,-0.11707109212875366
661,1.1279265145009874,1.596376837024485,-0.1355515569448471
662,3.4647255186843733,12.949567259224596,-0.13382519781589508
663,1.086572138091893,1.3548840023638768,-0.07742270827293396
664,-0.4094025714057357,0.16194394091688324,-0.006979981437325478
665,-1.0853629934291875,1.269739167590495,0.04146404191851616
666,-1.0766531148718348,1.2801947919943635,0.054803818464279175
667,-0.09891781876277511,0.018966394927420874,0.038800716400146484
668,0.832386750207234,0.6656909578115088,0.016487885266542435
669,-0.09338244747801025,0.010669010429920432,0.009908454492688179
670,-0.3930206390512265,0.16099209322745348,0.008217561058700085
671,-0.9801514841472705,0.9659482194427556,0.002675163559615612
672,-1.0582774878494103,1.0846983895954339,-0.016788942739367485
673,0.3687405573924996,0.17603963010098142,-0.050830211490392685
674,1.130414425851577,1.4530486611558204,-0.0750102549791336
675,-0.20960452964802778,0.018669258585132614,-0.07296903431415558
676,-0.874110374334612,0.6514510152164625,-0.06698521971702576
677,-1.0113982183486887,0.8781209708895117,-0.07431712746620178
678,-1.1615622816986848,1.1300843099986244,-0.09850804507732391
679,0.8977074846809452,1.073577458217154,-0.13842834532260895
680,0.5527533078474376,0.5059039713530815,-0.15851595997810364
681,-0.4694624722492658,0.09702814739479944,-0.15796905755996704
682,0.9502155977950134,1.227036979146614,-0.15750141441822052
683,-0.006923172982327039,0.01810677050482822,-0.1414845734834671
684,-0.9921944848666668,0.7532244330721153,-0.12430945038795471
685,-0.11002150806246583,0.00022284850135841753,-0.1249496191740036
686,0.3844913658925287,0.26564009804914673,-0.13091148436069489
687,-1.0713150585123372,0.8867747076419975,-0.12962789833545685
688,-1.075114732648527,0.8725696885593883,-0.14100034534931183
689,-0.8371968058701108,0.44863083190851666,-0.16739770770072937
690,-1.0229036569209324,0.6737424304849866,-0.20208550989627838
691,-0.5475257864575528,0.09239493586684601,-0.24356043338775635
692,-0.49513042934865836,0.04534709360654492,-0.28218185901641846
693,-0.7102515591544725,0.15659089394110295,-0.31453588604927063
694,0.40465734898167033,0.5608073038825633,-0.3442133367061615
695,-0.026107613462284136,0.10813075619206597,-0.3549400269985199
696,2.1354957324433337,6.194810360243994,-0.35344186425209045
697,0.9511755651473505,1.5939272014744885,-0.31133273243904114
698,0.15314219520804545,0.1634742630547133,-0.2511773109436035
699,-0.08364065376283884,0.012822521344899302,-0.19687722623348236
700,-0.004003060851991787,0.023495139654165453,-0.15728430449962616
701,-0.10502986720867434,0.0006188137633083866,-0.1299058347940445
702,0.9498650444598571,1.1282456598734452,-0.11232404410839081
703,0.10609902659218699,0.036904976984380694,-0.08600765466690063
704,-0.8883422479557638,0.6850827418533131,-0.06064499542117119
705,-1.1083419704780302,1.1135981269606003,-0.05307038128376007
706,-1.1656245192617711,1.2076357287876651,-0.06669971346855164
707,-1.1717970317292696,1.152603849689919,-0.0982031375169754
708,-0.6575656145190932,0.2653527344042599,-0.14244161546230316
709,-1.144868356600414,0.9170538586633821,-0.18723906576633453
710,-1.1468131963272379,0.8296805159154014,-0.2359451949596405
711,-1.1712614982918663,0.7790093591692455,-0.2886464297771454
712,-1.1037460066899156,0.5762850247336417,-0.34461161494255066
713,-0.7306336971459797,0.10834235958617049,-0.40147969126701355
714,-1.1916819561468028,0.5471868566868444,-0.4519611597061157
715,-1.2003766945412535,0.4876087513752218,-0.5020868182182312
716,-1.1320027493141271,0.33488946381146634,-0.5533064007759094
717,-1.1325267955755973,0.2793220166194496,-0.6040175557136536
718,-0.6311335003241313,0.0004820617108848303,-0.6530894041061401
719,-1.1691039423659508,0.22794812038862539,-0.6916648149490356
720,-1.072595178024526,0.1190123110440066,-0.7276135683059692
721,-1.1093089289738005,0.12089526964527901,-0.7616089582443237
722,-1.0824029459817492,0.08303809077837529,-0.7942396402359009
723,-0.6752881902761158,0.022382133448496083,-0.8248947858810425
724,-1.1102959093230058,0.06952927923102174,-0.8466118574142456
725,-1.1373919507699837,0.0736073036850247,-0.8660852909088135
726,-1.080827428026488,0.0380657398629191,-0.8857229948043823
727,-1.228229413159567,0.10458249073410875,-0.9048372507095337
728,-0.7938657378268265,0.017270908002862222,-0.9252845644950867
729,-1.0606371818878317,0.014588685972712607,-0.9398535490036011
730,-1.1593745857748898,0.0430609383392504,-0.9518632888793945
731,-1.1101563588398558,0.021314772822918084,-0.9641605615615845
732,-1.114869356319075,0.019159663483955362,-0.9764509201049805
733,-1.0111838918225784,0.0005154219707189575,-0.9884809851646423
734,-0.7925109149921221,0.042361862578365925,-0.9983308911323547
735,-1.1432128252795837,0.019877151839007807,-1.00222647190094
736,-1.1241565122430832,0.013940112934886994,-1.0060882568359375
737,-1.1384098479549025,0.016188909610383304,-1.011174201965332
738,-1.070134216514541,0.0027511520640800848,-1.0176827907562256
739,-0.6530764005122612,0.13765829440488597,-1.0240997076034546
740,-1.0651084962266455,0.0017625895319623032,-1.0231252908706665
741,-1.0613501047602516,0.001617448623270111,-1.0211325883865356
742,-1.178687111598595,0.025159779977098944,-1.0200687646865845
743,-1.0957714276736,0.005418300993127674,-1.0221623182296753
744,-0.5048389004637271,0.27150803024719644,-1.0259032249450684
745,-1.0971517354552207,0.005828896632598184,-1.020804524421692
746,-1.0869708859645957,0.005077196992454425,-1.0157164335250854
747,-1.0690778647280952,0.0031495005308507886,-1.0129574537277222
748,-1.1762075449663125,0.02683106606033017,-1.0124056339263916
749,-0.7375141345819825,0.07711408479271127,-1.01520836353302
750,-1.1908682421838215,0.03136480633740489,-1.013767123222351
751,-1.1506410036355044,0.018594788945694888,-1.0142782926559448
752,-1.1123499540641555,0.00902801184241224,-1.0173341035842896
753,-1.1244110268788368,0.01051333856298789,-1.0218764543533325
754,-0.7045340263244071,0.10423297980904694,-1.0273853540420532
755,-1.144133522970704,0.013805386724514897,-1.0266371965408325
756,-1.1476822921000855,0.014754574080457312,-1.0262138843536377
757,-1.1598387307998552,0.017398303758728473,-1.0279361009597778
758,-1.1412519950858717,0.011932884786429156,-1.03201425075531
759,-0.8373995588316897,0.04007760764421217,-1.0375934839248657
760,-0.9587615083842681,0.0064552391633483,-1.039106011390686
761,0.050457461481862406,1.184454176335527,-1.037868857383728
762,1.1675798480582953,4.777881258654295,-1.018256664276123
763,0.23593990447286844,1.4344257722058957,-0.9617352485656738
764,-0.08260901149720812,0.6507288881443237,-0.8892866969108582
765,-0.8507458576584679,0.0011386078105402246,-0.8170025944709778
766,-0.8115920616394635,0.002373559172458035,-0.7628728747367859
767,-0.8944175658390963,0.02801459350948341,-0.7270419597625732
768,-0.84081177893887,0.01799723487035811,-0.7066580057144165
769,-0.3519183585105447,0.11865769563281761,-0.6963856220245361
770,-0.8120638786518211,0.016273917130433597,-0.6844946146011353
771,-0.8433793730977698,0.028122985915784857,-0.6756802797317505
772,-0.8921870660975941,0.0488050027995017,-0.6712685227394104
773,-0.8672932020765226,0.03827675524053272,-0.6716487407684326
774,-0.35939794114383755,0.09998893900998072,-0.675608217716217
775,-0.821864251662609,0.021896345467136345,-0.6738901138305664
776,-0.852273904281207,0.03216248211745928,-0.672934889793396
777,-0.0533012634933071,0.38657966953659173,-0.6750565767288208
778,-0.3872137085480169,0.07843830640674071,-0.6672821044921875
779,-0.4557100276620849,0.03932838630056301,-0.6540238857269287
780,-1.1304895825372685,0.2413378973395172,-0.6392280459403992
781,-1.1337401156989018,0.24817650317753642,-0.6355669498443604
782,-1.094135236689713,0.202658066543484,-0.643959641456604
783,-1.11249587435715,0.20381837301895572,-0.6610333919525146
784,-0.3756818273614335,0.09493477709228013,-0.6837967038154602
785,0.5744577689210655,1.6188642532159248,-0.697888195514679
786,-0.42785821491268944,0.06625656771539018,-0.6852617263793945
787,0.32509314645408505,0.9787884534756083,-0.6642442345619202
788,-0.9864356251122464,0.12710270681610875,-0.6299209594726562
789,-0.3082487978653208,0.08891220352162865,-0.6064302921295166
790,-0.8332642113890124,0.06069770562536207,-0.5868951678276062
791,-0.84510632787377,0.07182123708246392,-0.5771114826202393
792,-0.7663449261765204,0.036063504986289255,-0.5764409899711609
793,-0.5461668399585572,0.0012251768878444585,-0.5811693668365479
794,-0.8179705650410721,0.054132832778522606,-0.58530592918396
795,-0.8033930833756935,0.04485681475769559,-0.5915988087654114
796,-0.8074233678099794,0.04299791586815787,-0.6000639796257019
797,-0.8566277668532444,0.06070664650999717,-0.6102405786514282
798,-0.36575525995666675,0.06583540443189323,-0.6223393678665161
799,-0.10108284354933579,0.2775894535642367,-0.6279504299163818
800,-0.7527140015005251,0.017123667315099268,-0.6218565702438354
801,-0.8602985638167819,0.05955537721742477,-0.6162588596343994
802,-0.8469770641309778,0.05320740427190514,-0.6163097620010376
803,-0.48455642017512784,0.01886547534066618,-0.6219080686569214
804,-0.7147941392393636,0.007933337914166264,-0.6257248520851135
805,-0.8444324385768069,0.046098013278585946,-0.6297279596328735
806,-0.504257746062384,0.017469290760592147,-0.6364291906356812
807,-0.9763290657197834,0.1129214377956667,-0.6402912139892578
808,-0.32604057308933415,0.10365576288505654,-0.647996723651886
809,-0.09776808710898814,0.3048108382761978,-0.6498648524284363
810,1.1946766537192572,3.3688056275351568,-0.640753984451294
811,0.9232922266054655,2.323114503589722,-0.6008844375610352
812,-0.06291223254137053,0.2258133882765124,-0.5381104946136475
813,-0.45715488216527583,0.0004167465060613675,-0.47756925225257874
814,-1.0899596850947197,0.4324377855970433,-0.4323596656322479
815,-1.0894000313688446,0.45841906316432646,-0.41233351826667786
816,-1.0769562028041162,0.4396276566842186,-0.41391196846961975
817,-1.1645346466141338,0.5387922483529495,-0.4305099546909332
818,-0.710522232424004,0.0638661463054407,-0.45780470967292786
819,-1.1476697320102847,0.4393839795792519,-0.4848092794418335
820,-0.7842426047392315,0.07245310964786533,-0.515071451663971
821,0.7148580633731134,1.5824380932325008,-0.543091893196106
822,1.063814003424667,2.5829906345968894,-0.5433545112609863
823,1.6941838462256236,4.857338623769271,-0.5097532272338867
824,2.638625255725936,9.482061006494954,-0.44067028164863586
825,1.0610314984575997,1.9476788106892902,-0.33456113934516907
826,0.20018410821874727,0.18295718115189955,-0.22755083441734314
827,-0.13287612547223276,0.00010129056246868327,-0.1429404467344284
828,0.24851728449468893,0.11197598518843205,-0.08611084520816803
829,1.7091803613773873,3.080421475467572,-0.0459325909614563
830,0.7639520509481015,0.576789771546205,0.004485283046960831
831,-0.0738004542867789,0.016823674793171612,0.05590565502643585
832,-0.03363042262395989,0.016261487673699147,0.09389011561870575
833,-0.018728669314270252,0.01876523310054806,0.11825758218765259
834,0.13842245781834747,3.724469911695441e-05,0.1323196142911911
835,1.0465779272218403,0.819322595507825,0.14141352474689484
836,0.38425059094208336,0.050318909376820306,0.15993182361125946
837,-0.9697710622510191,1.3215922976981092,0.17983421683311462
838,-1.0634400651994529,1.546007623469994,0.17994548380374908
839,-1.0280489177637484,1.406113867998424,0.1577478051185608
840,-0.05193609485072806,0.02895660638214825,0.11823031306266785
841,-0.17311701853171563,0.06438394450673479,0.08062289655208588
842,1.13995529133387,1.1906947804677903,0.048765674233436584
843,0.5426110197405841,0.2512645411419335,0.04134807363152504
844,-0.4891644882081016,0.2892156542280553,0.04862325266003609
845,-0.8225933251641406,0.7592916046148984,0.04878007620573044
846,-0.3938648701506437,0.18196122614651575,0.03270426392555237
847,1.2321620251922574,1.4979324227957693,0.008261529728770256
848,0.653714634935188,0.4223535857354228,0.0038272710517048836
849,-0.9957586969196536,1.0197345228417818,0.014060357585549355
850,-1.1184375545501861,1.2728629455200378,0.009774724021553993
851,-1.103734224335266,1.1852413511829123,-0.015046320855617523
852,-0.7262288183312519,0.4484591122993617,-0.05655791983008385
853,-0.6061910551924342,0.2525362609441395,-0.1036611944437027
854,-0.6524843934562269,0.25313946219801087,-0.1493547260761261
855,0.4952691181112834,0.47248253667469603,-0.1921045333147049
856,0.9310697045669271,1.3111611193390005,-0.2139897346496582
857,1.8355833507166457,4.175739198542543,-0.2078792005777359
858,2.3167856649489966,6.1648540253435975,-0.16612674295902252
859,1.331836676207332,2.0271541554033923,-0.09194496273994446
860,0.4918442319218146,0.25325581450535556,-0.011401050724089146
861,-0.14825902139082753,0.04103618766731556,0.054314885288476944
862,-1.0258928379752563,1.255930383421089,0.09479016065597534
863,-1.0186955671448077,1.2570114840316253,0.10246966779232025
864,-0.7613574359534618,0.7149439080945771,0.0841861218214035
865,-0.6442343184653776,0.48495373383789936,0.0521518774330616
866,-0.2677288016186552,0.08003135073234298,0.015169326215982437
867,-0.1374808803279678,0.014410356155596884,-0.017437737435102463
868,-0.7472780340413464,0.49743422616032934,-0.041987862437963486
869,0.30957699668329364,0.1429272166022461,-0.06848016381263733
870,1.6374416082248107,2.9625389542164675,-0.08376115560531616
871,-0.7941409845553823,0.5282130271193228,-0.06735832989215851
872,-1.052233624659085,0.987685470864789,-0.05840996280312538
873,-0.7530855999788079,0.46700510080405777,-0.06970788538455963
874,-0.9478935128923454,0.7268252882396788,-0.09535302221775055
875,1.119348786783828,1.5674477620795537,-0.13262875378131866
876,0.16872593405741024,0.09922432034753384,-0.14627298712730408
877,-0.02867197323932492,0.013762704572051154,-0.14598652720451355
878,-0.6973676156155021,0.3094585064024443,-0.1410776674747467
879,-1.105215751522295,0.9210801430513179,-0.14548654854297638
880,-1.009586954936221,0.7103791581233119,-0.16674701869487762
881,0.8239363908320071,1.0508448181357013,-0.20117083191871643
882,0.5824633451476721,0.6376023335399177,-0.21603670716285706
883,-0.16936693950141693,0.00164863130252657,-0.20997028052806854
884,-0.9183043920732267,0.5164494364211151,-0.19966022670269012
885,-1.1532024515408719,0.9040746661386452,-0.20237404108047485
886,-0.3218954597160862,0.00974898552770684,-0.22315850853919983
887,-0.4389431258653268,0.0371684072459108,-0.24615202844142914
888,-0.3598325151911469,0.008516311681750939,-0.26754865050315857
889,1.892940263455986,4.74380881576284,-0.2850883901119232
890,0.38508828997928096,0.42156119914298695,-0.2641891539096832
891,-0.6892101405042479,0.21194993344236984,-0.22882993519306183
892,1.4902292214819124,2.877829698181385,-0.20618750154972076
893,1.1115317664886033,1.637398193536987,-0.16807684302330017
894,0.5185817625330555,0.4046516195469857,-0.11754056811332703
895,-0.020044265874309117,0.00231104294042821,-0.06811757385730743
896,-0.018606449827829493,0.00016123652999118794,-0.03130434453487396
897,-1.0615034271870314,1.1118900718736702,-0.007041445001959801
898,0.0860813248310627,0.008619236512896047,-0.0067585185170173645
899,0.5323782294465501,0.295539003760833,-0.011256761848926544
