,Sub_metering_1 at scale: 5^4,mse,predicted
0,-0.7155091108795378,0.5908347069804717,0.05314861983060837
1,-0.7155091108795378,0.5805677272909564,0.046440839767456055
2,2.1180427097567427,4.326711687639151,0.03796778619289398
3,0.35340641430546915,0.0990826939432808,0.03863237798213959
4,-0.7155091108795378,0.5744795769125627,0.04243519902229309
5,-0.7155091108795378,0.5751289990305987,0.04286348819732666
6,0.3144304607891516,0.07580577814270109,0.039101969450712204
7,0.6505980598673903,0.3776590487075625,0.03605835512280464
8,-0.7155091108795378,0.5650910933332622,0.03621629998087883
9,-0.7155091108795378,0.5622723395428844,0.03433910012245178
10,-0.7155091108795378,0.5551856468830425,0.029598698019981384
11,-0.387136702504563,0.1679838035282529,0.02272156998515129
12,-0.3686231245843122,0.14791182209931367,0.015969935804605484
13,-0.7155091108795378,0.5267006056502588,0.010232307016849518
14,-0.7155091108795378,0.5181148084666982,0.0042928121984004974
15,-0.7155091108795378,0.5091210759088506,-0.0019819033332169056
16,0.0873955315566024,0.009169989978095483,-0.008364533074200153
17,-0.7155091108795378,0.49580851747018756,-0.011372392997145653
18,-0.7155091108795378,0.4920318782428594,-0.014059270732104778
19,-0.7155091108795378,0.4874990493661532,-0.017297789454460144
20,1.8598270177111405,3.5378111194114883,-0.021079976111650467
21,-0.7155091108795378,0.4905809245387279,-0.015094287693500519
22,-0.7155091108795378,0.49845687504415165,-0.009494327008724213
23,-0.7155091108795378,0.5019066763800016,-0.007055388763546944
24,0.23063216072906906,0.05679610875388171,-0.007687181234359741
25,-0.7155091108795378,0.5023239948706504,-0.006760922260582447
26,-0.7155091108795378,0.5018122233474717,-0.007122053299099207
27,0.2881216921656375,0.08839836619140293,-0.009196935221552849
28,-0.7155091108795378,0.49968644212773544,-0.008624083362519741
29,0.19068180837484372,0.03982328898717786,-0.008875925093889236
30,2.5867285507904607,6.728231518735864,-0.00715493131428957
31,-0.7155091108795378,0.5194069989177813,0.005189854651689529
32,0.07667714433961505,0.0038206112271890907,0.014866051264107227
33,0.6106477075131649,0.34681829394308344,0.021734900772571564
34,0.9594824914842061,0.867091295737368,0.028305120766162872
35,-0.7155091108795378,0.5651781273718255,0.03627418726682663
36,-0.006146756882559543,0.0020859286372391156,0.03952521085739136
37,-0.6083252387096647,0.4205988174566432,0.04021066427230835
38,-0.7155091108795378,0.567053547021442,0.03752046823501587
39,-0.7155091108795378,0.5585664701433756,0.03186393529176712
40,0.4284351248243803,0.16329311377423922,0.024339698255062103
41,-0.7155091108795378,0.5414361556819133,0.02031434327363968
42,-0.7155091108795378,0.5352447785679978,0.01609513908624649
43,0.2111441839709103,0.040149951115186114,0.010769656859338284
44,0.31637925846496784,0.09502614042590958,0.008116155862808228
45,0.23160655956697704,0.04959620777997533,0.008904499001801014
46,4.708969219753947,22.061841588148624,0.011965750716626644
47,0.33781603289894224,0.09477117226799628,0.02996676415205002
48,0.3261232468440472,0.07794069419730061,0.04694464057683945
49,-0.7155091108795378,0.5992283239904452,0.058589283376932144
50,2.0108588375868703,3.7993463692451352,0.06166762858629227
51,0.44987189925835497,0.1467649227536752,0.06677279621362686
52,-0.7155091108795378,0.618540905165616,0.07096460461616516
53,-0.7155091108795378,0.6167184223912926,0.06980510801076889
54,-0.7155091108795378,0.6071961305113438,0.06371879577636719
55,0.26181292354212327,0.04299762170224364,0.054454244673252106
56,0.9887144566214442,0.8864231141645993,0.047213997691869736
57,0.5190542167498183,0.22408480895780958,0.04567824676632881
58,0.4079727492283137,0.12994971889774654,0.04748735576868057
59,-0.7155091108795378,0.5867248117536615,0.05047053098678589
60,0.3797151829289834,0.10897443435821974,0.04960242286324501
61,-0.7155091108795378,0.5837581954919959,0.04853159189224243
62,1.540224198877337,2.2373432626273213,0.044449061155319214
63,-0.11722822440406432,0.02649963805200739,0.0455588698387146
64,0.26863371540747877,0.049256091652774774,0.046696580946445465
65,0.37874078409107553,0.10954759729040847,0.04776103049516678
66,-0.7155091108795378,0.5846516806377223,0.04911607876420021
67,-0.7155091108795378,0.5812091862079721,0.04686165601015091
68,-0.14256259418967074,0.0337018379356986,0.041018009185791016
69,-0.2107705128432264,0.060368151680794395,0.03492879867553711
70,-0.7155091108795378,0.5551395038920164,0.02956773340702057
71,0.33586723522312656,0.09772233255770427,0.023261521011590958
72,-0.7155091108795378,0.5409286619116949,0.019969414919614792
73,0.3475600212780216,0.10988687349805226,0.01606813073158264
74,-0.7155091108795378,0.5334466122774358,0.014865185134112835
75,-0.17666655351644864,0.035789617226377995,0.012514886446297169
76,2.4736982855931404,6.067859985522321,0.010395627468824387
77,0.4722830725302374,0.20601783248463243,0.0183911994099617
78,2.0176796294522257,3.956391950235278,0.028611518442630768
79,1.5723793605282983,2.3391728664247986,0.042943887412548065
80,0.4547438934478948,0.15716667688292582,0.05830136686563492
81,0.37971518292898365,0.0962905619498012,0.06940797716379166
82,-0.7155091108795378,0.6258780602088106,0.07561544328927994
83,-0.7155091108795378,0.6241894121569621,0.07454747706651688
84,-0.7155091108795378,0.6135238262101016,0.06776850670576096
85,0.4333071190139201,0.1411482317998066,0.057610124349594116
86,0.61746849937852,0.3218619802707933,0.050139687955379486
87,0.35340641430546915,0.09376526449417309,0.04719527065753937
88,0.40407515387668197,0.12745827348751979,0.047062166035175323
89,-0.7155091108795378,0.5838103916206424,0.04856574907898903
90,0.38653597479433915,0.1153874374379239,0.046848710626363754
91,-0.7155091108795378,0.5791176118766272,0.045488663017749786
92,4.4439327358429885,19.381853735938776,0.04145005717873573
93,0.24329934562187233,0.036911933750108754,0.05117455869913101
94,1.397961968542778,1.7869230581219826,0.06120355427265167
95,0.4079727492283137,0.1133790694791888,0.071254663169384
96,0.12052509204547227,0.0018254775714287538,0.0777994841337204
97,0.5638765632935836,0.23421940580642656,0.07991436868906021
98,-0.7155091108795378,0.6330810810779537,0.08015481382608414
99,-0.7155091108795378,0.6259045378517782,0.07563217729330063
100,0.3631504026845484,0.08765986805378316,0.06707631051540375
101,-0.6531475852534298,0.508502568410332,0.059946075081825256
102,1.278110911480102,1.503308838649159,0.05201595649123192
103,-0.7155091108795378,0.5859135864766678,0.0499408133327961
104,0.4108959457420372,0.13253134143658266,0.046847403049468994
105,-0.7155091108795378,0.5787065621876049,0.04521854221820831
106,-0.4855509851332646,0.27758401802254956,0.041311442852020264
107,-0.7155091108795378,0.5642539397739492,0.035659272223711014
108,1.6172017070720637,2.5248626472000124,0.02822006866335869
109,-0.7155091108795378,0.5532665773233993,0.02830980345606804
110,0.2764289061107422,0.06184045334231255,0.02775149792432785
111,0.7772699087954219,0.5611576543555576,0.028165340423583984
112,-0.7155091108795378,0.5580558232311298,0.0315222293138504
113,0.2394017502702406,0.043034165011434866,0.03195497393608093
114,-0.7155091108795378,0.5590626546201418,0.032195813953876495
115,2.463954297214061,5.926199708059247,0.029575586318969727
116,-0.7155091108795378,0.5639126522872835,0.03543206676840782
117,0.3758175875773517,0.113456375887628,0.03898472711443901
118,-0.7155091108795378,0.5734949485433579,0.041785381734371185
119,0.2890960910035455,0.06177145530331227,0.04055745154619217
120,-0.4816533897816329,0.27134221739415015,0.03925180062651634
121,-0.6414547991985347,0.4593140796089202,0.03627234324812889
122,0.15462905137225008,0.01524854764634565,0.031144041568040848
123,0.2978656805447166,0.07311332841759109,0.027470916509628296
124,0.15657784904806588,0.01692248814068911,0.026491384953260422
125,-0.010044352234191404,0.0013903813278992889,0.027243465185165405
126,3.7599047516316175,13.924907285609894,0.028295543044805527
127,1.4232963383283839,1.9101556149731,0.0412125438451767
128,0.6057757133236249,0.3010451059961177,0.05709993839263916
129,-0.35985353504314077,0.18435514203125578,0.06951244175434113
130,-0.7155091108795378,0.6239332043196499,0.07438531517982483
131,0.3387904317368502,0.07136878803240096,0.07164105772972107
132,-0.7155091108795378,0.6127496502383926,0.06727416068315506
133,0.40017755852505027,0.11571246169355069,0.06001221388578415
134,-0.7155091108795378,0.5929114701121684,0.0544983372092247
135,-0.7155091108795378,0.5825887470797674,0.04776590317487717
136,0.5015150376674757,0.2134901659482261,0.039465077221393585
137,-0.7155091108795378,0.5627810101784734,0.03467820584774017
138,-0.7155091108795378,0.554978501413687,0.02945968136191368
139,-0.7155091108795378,0.5452618574013651,0.02290937304496765
140,-0.7155091108795378,0.5341022406715692,0.01531387772411108
141,-0.7155091108795378,0.5223685230445764,0.0072415536269545555
142,-0.7155091108795378,0.5108103791389239,-0.0007991143502295017
143,-0.7155091108795378,0.49993085628462375,-0.008451223373413086
144,-0.7155091108795378,0.4900082116975628,-0.015503245405852795
145,-0.7155091108795378,0.4811578958395149,-0.021853651851415634
146,-0.7155091108795378,0.4733918612472865,-0.027474328875541687
147,-0.7155091108795378,0.46666269001141086,-0.032381970435380936
148,-0.7155091108795378,0.4608926625784707,-0.03661835193634033
149,-0.7155091108795378,0.45599111282663535,-0.040237970650196075
150,-0.7155091108795378,0.45186427361512016,-0.043300606310367584
151,-0.7155091108795378,0.44842036238465566,-0.04586714506149292
152,-0.7155091108795378,0.4455722121827245,-0.04799715429544449
153,-0.7155091108795378,0.44323861600968056,-0.04974742978811264
154,-0.7155091108795378,0.44134487174110726,-0.0511711910367012
155,-0.7155091108795378,0.43982316200083066,-0.05231746286153793
156,-0.7155091108795378,0.4386126551658069,-0.05323072895407677
157,-0.32574957571636304,0.07387461012106966,-0.05395073443651199
158,-0.37057192226012803,0.10092332156291636,-0.05288761109113693
159,0.9253785321574283,0.9519319481495888,-0.05029146745800972
160,-0.7155091108795378,0.45428531582300197,-0.041502200067043304
161,-0.7155091108795378,0.4645999076640188,-0.03389345109462738
162,0.4216143329590247,0.20336897195002382,-0.0293501578271389
163,-0.7155091108795378,0.4793432840953422,-0.02316289395093918
164,-0.7155091108795378,0.4848916006649475,-0.019167527556419373
165,0.4907966504504883,0.2588000048861029,-0.017927248030900955
166,0.6457260656778503,0.43542043779523315,-0.014137888327240944
167,0.27837770378655813,0.08124671766648697,-0.006660394836217165
168,-0.7155091108795378,0.5148579619215158,0.0020269243977963924
169,1.1173351032252918,1.2331239161713483,0.00687397550791502
170,-0.7155091108795378,0.5325036595039445,0.014219372533261776
171,-0.7155091108795378,0.5381254094322482,0.018061205744743347
172,0.33099524103358646,0.09819693865669375,0.01763133332133293
173,1.3385236394303932,1.7441011765593726,0.017879411578178406
174,-0.7155091108795378,0.5462153130527462,0.023554697632789612
175,0.33294403870940253,0.0938004657375421,0.026675421744585037
176,-0.7155091108795378,0.5550659188933119,0.029518350958824158
177,0.3650992003603645,0.1130351493002761,0.028892196714878082
178,-0.7155091108795378,0.5541367620499303,0.028894517570734024
179,-0.7155091108795378,0.5505912776699168,0.026509270071983337
180,0.5512093784007805,0.28047370706154473,0.021611694246530533
181,-0.7155091108795378,0.5406776092677398,0.019798722118139267
182,1.4271939336800157,1.9885283083906422,0.01704205945134163
183,-0.39298309553201055,0.17095332974314398,0.020481932908296585
184,-0.18153854770598832,0.04201669206542745,0.023441188037395477
185,0.7080875913039582,0.4667217527305044,0.024917222559452057
186,-0.7155091108795378,0.5532238779405335,0.02828110009431839
187,0.2764289061107422,0.06142270466687091,0.02859286218881607
188,-0.7155091108795378,0.554312342158854,0.029012441635131836
189,1.7809007118405975,3.0770886914634654,0.02673746645450592
190,-0.7155091108795378,0.5570086611553839,0.030821017920970917
191,0.4674110783406978,0.18891473515514876,0.032767850905656815
192,0.09908831761149757,0.004094797761607463,0.03509771078824997
193,-0.7155091108795378,0.566292064224622,0.037014685571193695
194,0.20042579675392297,0.027228533138645022,0.03541509062051773
195,-0.7155091108795378,0.5615529558445743,0.0338592603802681
196,-0.7155091108795378,0.5558240957509366,0.030027002096176147
197,-0.7155091108795378,0.5468720008250421,0.023998834192752838
198,0.2822752991381899,0.07059409068718714,0.01657981425523758
199,0.3465856224401138,0.11165901332303106,0.012431446462869644
200,-0.7155091108795378,0.5297063100594218,0.012300143018364906
201,0.354380813143377,0.11778709002426967,0.011179574765264988
202,-0.7155091108795378,0.5293540147871783,0.012058078311383724
203,-0.09774024764590569,0.011847474465717364,0.011105856858193874
204,-0.20200092330205505,0.04501346666381279,0.01016284991055727
205,0.4245375294727486,0.17234789322356242,0.009389491751790047
206,-0.11430502789034062,0.015746531119809327,0.011180154979228973
207,4.645146095870978,21.453492008826775,0.01335464883595705
208,-0.22538649541184547,0.06526645833800868,0.030086513608694077
209,0.4021263562008663,0.1280217347555571,0.04432510584592819
210,-0.7155091108795378,0.5923715575566891,0.054147668182849884
211,-0.11333062905243266,0.02881252857159595,0.05641190707683563
212,-0.18251294654389613,0.056223924045488004,0.05460289865732193
213,-0.7155091108795378,0.5872254217828798,0.050797238945961
214,-0.7155091108795378,0.5774654336431065,0.0444023534655571
215,-0.7155091108795378,0.5650026155044038,0.03615744784474373
216,-0.683353949228576,0.5046086644986111,0.027004174888134003
217,0.701266799438603,0.4671220747586744,0.017803505063056946
218,0.39725436201132636,0.14661941651945842,0.01434521283954382
219,-0.7155091108795378,0.5344113031632035,0.01552529539912939
220,-0.7155091108795378,0.5342402218453179,0.015408272854983807
221,2.9141265603275284,8.418340754179008,0.012688855640590191
222,-0.7155091108795378,0.5421515539510194,0.020800303667783737
223,3.0066944499287818,8.878937740416424,0.02693980559706688
224,0.3612016050087327,0.10283139647835692,0.04052825644612312
225,-0.7155091108795378,0.5898147889331135,0.052484892308712006
226,-0.7155091108795378,0.5967563288001541,0.05699094012379646
227,-0.7155091108795378,0.5930986201643736,0.05461985245347023
228,0.3631504026845484,0.09952859712523512,0.04766887053847313
229,-0.7155091108795378,0.5742013654527621,0.042251646518707275
230,0.3719199922257201,0.11289025601459496,0.03592853993177414
231,-0.7155091108795378,0.5594211953710494,0.03243553638458252
232,1.0501015834096443,1.0444878861127693,0.028099682182073593
233,2.055681184130635,4.108556891769738,0.028723638504743576
234,-0.7018675271488267,0.5468515556648239,0.03762659430503845
235,-0.7155091108795378,0.575697742185185,0.04323837161064148
236,-0.7155091108795378,0.5755850020939565,0.043164074420928955
237,0.2715569119212024,0.054350247606964996,0.038425516337156296
238,0.026982803606310456,5.576233458047384e-05,0.0344502218067646
239,-0.7155091108795378,0.5584633376827084,0.03179493546485901
240,1.7409503594863716,2.9357044835971937,0.02756059542298317
241,-0.7155091108795378,0.5564118414302435,0.030421074479818344
242,-0.7155091108795378,0.5583273790852821,0.03170396387577057
243,0.29201928751726897,0.06895488977874693,0.029426656663417816
244,-0.7155091108795378,0.5526591930475598,0.027901403605937958
245,0.26571051889375474,0.05821298505046273,0.024436846375465393
246,-0.6745843596874045,0.48607844976261255,0.022608906030654907
247,0.3758175875773517,0.1269690338414473,0.019490443170070648
248,-0.7155091108795378,0.5390263407183755,0.018675021827220917
249,0.04647078036446908,0.0009028611559745226,0.01642313227057457
250,-0.7067395213383664,0.520976338677328,0.015047385357320309
251,5.042213622318461,25.301710622458064,0.012133044190704823
252,-0.7155091108795378,0.5500003380727012,0.026110965758562088
253,0.20773378803823275,0.02897234976958072,0.0375211276113987
254,3.0807487616097857,9.215744114847533,0.04500435292720795
255,2.4308247367251914,5.629815215966314,0.05810157209634781
256,3.2074206105378162,9.815268008402848,0.07448779791593552
257,0.5141822225602789,0.17725795864315122,0.09316208213567734
258,-0.7155091108795378,0.6736750927597347,0.10526801645755768
259,-0.7155091108795378,0.6760809890999011,0.1067323312163353
260,0.5580301702661359,0.21003256529247366,0.09973707050085068
261,-0.7155091108795378,0.651840676537744,0.09185739606618881
262,-0.7155091108795378,0.6355347473486593,0.08169522136449814
263,0.41674233876948485,0.12038894499723458,0.06977123767137527
264,0.3933567666596945,0.11041008680478068,0.061076633632183075
265,0.31637925846496784,0.06764626699145003,0.05629029870033264
266,-0.7155091108795378,0.5925536269540183,0.05426593869924545
267,-0.7155091108795378,0.5863212997269736,0.05020708963274956
268,0.5395165923458849,0.24613301420542952,0.043398648500442505
269,0.04841957804028488,8.441315164746257e-05,0.03923191502690315
270,0.436230315527644,0.15955928695671734,0.036781586706638336
271,0.13026908042455165,0.008746010022225165,0.0367489755153656
272,0.49761744231584376,0.21171518651937804,0.03749225661158562
273,-0.7155091108795378,0.5702104222469789,0.03961367532610893
274,0.49371984696421206,0.20728743555421061,0.038431547582149506
275,-0.7155091108795378,0.5678654141587565,0.03805934265255928
276,0.3855615759564313,0.12286256614480802,0.03504400700330734
277,-0.7155091108795378,0.5607674693372346,0.03333497792482376
278,-0.7155091108795378,0.5553149485145892,0.029685460031032562
279,-0.7155091108795378,0.5466316472760355,0.023836307227611542
280,-0.10066344415962945,0.013730071400837991,0.0165119431912899
281,0.5512093784007805,0.29191269867658864,0.010919920168817043
282,-0.19907772678833108,0.04377621300751679,0.010149931535124779
283,-0.7155091108795378,0.5275634969401082,0.010826553218066692
284,-0.7155091108795378,0.5257890918062627,0.009604047052562237
285,1.7438735560000955,3.0197871267203746,0.006120084784924984
286,0.3280720445198629,0.1010033390013761,0.010261819697916508
287,0.2929936863551772,0.07613966011276456,0.017059527337551117
288,2.988180872008531,8.786315281309669,0.02400893345475197
289,-0.7155091108795378,0.5690437551120918,0.038840778172016144
290,1.2138005881781775,1.3583936402098185,0.04829913377761841
291,-0.7155091108795378,0.5963093598353197,0.05670158565044403
292,3.300962898976979,10.511346839040304,0.058842167258262634
293,-0.7155091108795378,0.6134488492043677,0.06772064417600632
294,-0.7155091108795378,0.6199701689110921,0.07187273353338242
295,0.3650992003603645,0.08736790692658888,0.0695185735821724
296,-0.20102652446414707,0.0712824991205513,0.06596130132675171
297,1.351190824323197,1.663867635313849,0.06128089129924774
298,1.1738502358239524,1.23787246812868,0.06125306338071823
299,-0.7155091108795378,0.6097383967198999,0.06534836441278458
300,2.193071420275654,4.525878305638854,0.06566024571657181
301,-0.2770296338209662,0.12086607542719305,0.07062835246324539
302,0.6691116377876412,0.355462661089228,0.07290474325418472
303,-0.019788340613270783,0.008861680584740957,0.07434815913438797
304,2.407439164615401,5.44761650993875,0.07342620193958282
305,-0.7155091108795378,0.6298163485168895,0.07810058444738388
306,-0.7155091108795378,0.6307092217288726,0.0786629244685173
307,0.4449999050688154,0.13790778337811668,0.07364053279161453
308,-0.023685935964902507,0.008497206442192179,0.06849435716867447
309,0.40407515387668197,0.11606109333606264,0.06339775025844574
310,-0.7155091108795378,0.6014769100439912,0.06004031375050545
311,0.4859246562609486,0.1860776279703424,0.054557494819164276
312,-0.7155091108795378,0.5874256342014872,0.05092786252498627
313,-0.7155091108795378,0.5791990568280243,0.04554217308759689
314,0.37874078409107553,0.11610341707492462,0.03800126910209656
315,0.8786073879378475,0.7148679241009048,0.03310876339673996
316,-0.7155091108795378,0.5608772088350307,0.03340824693441391
317,-0.184461744219712,0.046946544593830415,0.032209768891334534
318,1.8432622374667051,3.2875976002256944,0.030088886618614197
319,-0.4826277886195408,0.2676967986992651,0.03476645052433014
320,0.14098746764153886,0.010634564141281064,0.03786344453692436
321,0.09031872807032616,0.002559572841058212,0.03972650691866875
322,-0.7155091108795378,0.5717303465897694,0.040619414299726486
323,0.2394017502702405,0.040569785973672626,0.03798232227563858
324,-0.7155091108795378,0.5643296480704311,0.03570966422557831
325,-0.20005212562623917,0.05355893962539728,0.03137591853737831
326,-0.15620417792038196,0.03353774394339426,0.02692895382642746
327,0.4069983503904059,0.14724666656239044,0.023271016776561737
328,-0.7155091108795378,0.5448642159041872,0.02264007180929184
329,0.30760966892379643,0.08237889188362911,0.02059243619441986
330,-0.7155091108795378,0.5412533469763322,0.02019011229276657
331,0.35827840849500897,0.11579913146324947,0.017985694110393524
332,-0.7155091108795378,0.5375124232699227,0.0176432766020298
333,-0.7155091108795378,0.5345457181214835,0.015617224387824535
334,2.8108402835092865,7.836651371968357,0.01143831666558981
335,-0.17276895816481677,0.03655369905440426,0.01842125877737999
336,-0.7155091108795378,0.5497452553134725,0.0259389691054821
337,0.38848477247015495,0.1293570224040324,0.0288223996758461
338,-0.7155091108795378,0.5572797841585622,0.031002633273601532
339,-0.7155091108795378,0.5553629866013293,0.029717691242694855
340,1.2605717323977588,1.5260623715404964,0.025232762098312378
341,1.3901667778395144,1.8610368003775184,0.025968551635742188
342,0.27935210262446597,0.06070627906221997,0.032965660095214844
343,0.665214042436009,0.3904109127816097,0.04038533568382263
344,1.238160559125876,1.4174876384270396,0.04757766053080559
345,-0.7155091108795378,0.5952372554429358,0.05600709468126297
346,0.27058251308329456,0.044848397524134824,0.058808110654354095
347,-0.7155091108795378,0.6000168192680942,0.059098415076732635
348,-0.7155091108795378,0.5938261746194377,0.055092066526412964
349,0.3962799631734185,0.12155489735067826,0.04763272404670715
350,0.43525591668973607,0.15446914075509094,0.04223029315471649
351,0.17021943277877713,0.016915975368181096,0.04015800356864929
352,3.3204508757351374,10.762216543811713,0.03986913710832596
353,4.365006429972447,18.615435015350123,0.050445616245269775
354,-0.7155091108795378,0.619504600863372,0.0715770348906517
355,-0.7155091108795378,0.6402349571487019,0.08463772386312485
356,-0.7155091108795378,0.6437755316360411,0.08684712648391724
357,0.2111441839709103,0.016986190817149655,0.08081310242414474
358,0.3368416340610344,0.06952725752552309,0.07316141575574875
359,-0.7155091108795378,0.6123777529444304,0.06703657656908035
360,0.4362303155276436,0.14194745272200765,0.05947117134928703
361,-0.7155091108795378,0.5926666745376818,0.05433936417102814
362,0.32027685381659954,0.07407651547214746,0.0481068417429924
363,-0.1893337384092517,0.054432954941398916,0.043974973261356354
364,-0.18153854770598823,0.04930632795372789,0.040511734783649445
365,-0.7155091108795378,0.5665899558030291,0.037212587893009186
366,1.775054318813149,3.0382911964179447,0.031984843313694
367,0.25888972702839935,0.050594523509887114,0.03395746275782585
368,-0.7155091108795378,0.5677186880923218,0.03796198219060898
369,0.3680223968740882,0.10869078587773404,0.03833954036235809
370,0.977996069404457,0.8825861790673725,0.03853549063205719
371,0.15268025369643415,0.012316537757390276,0.04170035570859909
372,-0.7155091108795378,0.5780067305038853,0.044758427888154984
373,2.078092357402518,4.138623342456669,0.0437316857278347
374,-0.7155091108795378,0.5835849158419939,0.048418186604976654
375,0.3957927637544646,0.11956882454825435,0.050005510449409485
376,-0.7155091108795378,0.5873330893867453,0.050867486745119095
377,0.2735057095970184,0.05085945495459638,0.04798530042171478
378,-0.7155091108795378,0.5787604874894183,0.04525398463010788
379,-0.7155091108795378,0.5711963782052254,0.040266238152980804
380,0.3456112236022057,0.09765837437319115,0.03310782462358475
381,-0.7155091108795378,0.553698058196833,0.02859979122877121
382,1.7010000071321456,2.8139558835103933,0.023515019565820694
383,0.8571706135038729,0.69067499250308,0.026102028787136078
384,1.462272291844702,2.042520284988671,0.03310460224747658
385,0.7071131924660503,0.43980355969805823,0.04393632337450981
386,-0.7155091108795378,0.5924703078653119,0.0542118176817894
387,1.2245189753951653,1.3612528336835072,0.0577915720641613
388,-0.7155091108795378,0.6037423100221253,0.0614994540810585
389,0.8493754228006092,0.6223248975449673,0.060499705374240875
390,-0.7155091108795378,0.6018539854397822,0.06028337776660919
391,-0.7155091108795378,0.596449774513969,0.056792497634887695
392,0.3124816631133356,0.06893320037129677,0.04993033409118652
393,-0.7155091108795378,0.5777529407195795,0.044591501355171204
394,-0.7155091108795378,0.5680075883807227,0.038153670728206635
395,0.23745295259442467,0.0429012807228738,0.030326709151268005
396,-0.7155091108795378,0.5487047091509992,0.025236938148736954
397,0.2764289061107422,0.06584581492150274,0.01982451230287552
398,1.2937012928866287,1.6293853802396365,0.01722748577594757
399,-0.7155091108795378,0.542876136491213,0.021292176097631454
400,1.1972358079337428,1.3775758029635883,0.023534055799245834
401,1.8130558734915585,3.182675454627633,0.029050420969724655
402,-0.2068729174915946,0.06089757755560762,0.039901427924633026
403,-0.7155091108795378,0.5824275362626791,0.04766029119491577
404,-0.7155091108795378,0.5844986946575838,0.04901603236794472
405,0.9555848961325745,0.8292799916225528,0.044936779886484146
406,-0.7155091108795378,0.5759774693905612,0.04342268407344818
407,0.7149083831693137,0.4554430438716721,0.0400431789457798
408,2.7669923358034296,7.439956364493377,0.03936399519443512
409,-0.7155091108795378,0.5835614434993827,0.0484028235077858
410,-0.7155091108795378,0.5922757741806252,0.054085440933704376
411,0.3612016050087327,0.09455282909498795,0.05370716750621796
412,-0.3881111013424709,0.19385598461804157,0.052179694175720215
413,0.18970740953693574,0.01989667669851154,0.04865182936191559
414,-0.7155091108795378,0.5793712985317294,0.045655325055122375
415,-0.7155091108795378,0.5716765244753812,0.04058382287621498
416,-0.7155091108795378,0.5608830119139411,0.03341212123632431
417,-0.7155091108795378,0.548231502796144,0.02491745725274086
418,-0.7155091108795378,0.5349714084221359,0.015908285975456238
419,-0.7155091108795378,0.5220018224074114,0.006987825036048889
420,0.5960317249445456,0.3570037744727693,-0.0014662034809589386
421,-0.7155091108795378,0.5061633726924955,-0.004057515412569046
422,-0.7155091108795378,0.5034108368378549,-0.0059946030378341675
423,-0.7155091108795378,0.49934043615152895,-0.008868865668773651
424,-0.7155091108795378,0.4938388875310563,-0.012772398069500923
425,-0.7155091108795378,0.4874630490380768,-0.01732357032597065
426,-0.7155091108795378,0.48082428849539643,-0.022094164043664932
427,-0.7155091108795378,0.47438306491626875,-0.026754390448331833
428,-0.7155091108795378,0.46842071962026144,-0.031096428632736206
429,-0.7155091108795378,0.46307429588863697,-0.035013485699892044
430,-0.7155091108795378,0.45838315817420283,-0.038469113409519196
431,-0.7155091108795378,0.45432862436514965,-0.04147007316350937
432,-0.7155091108795378,0.4508620994069946,-0.04404645413160324
433,0.6223404935680599,0.44699829488680654,-0.046238817274570465
434,-0.7145347120416299,0.4515099417089289,-0.04258981719613075
435,-0.7155091108795378,0.4579678407156321,-0.03877589851617813
436,-0.7155091108795378,0.46104574442721435,-0.03650561720132828
437,0.35145761662965347,0.15003190637028677,-0.03588190674781799
438,-0.7155091108795378,0.4669408934086897,-0.032178375869989395
439,0.2793521026244661,0.09528982691121492,-0.029338400810956955
440,2.8839201963523813,8.45794133548529,-0.024333804845809937
441,-0.5917604584652297,0.3408809574606609,-0.007910342887043953
442,0.324174449168231,0.10141816057431499,0.005712268408387899
443,-0.7155091108795378,0.5359339638016142,0.016565997153520584
444,-0.7155091108795378,0.5430302568952443,0.021396756172180176
445,-0.7155091108795378,0.5423475620932956,0.020933393388986588
446,-0.16302496978573738,0.032378607582938555,0.016915597021579742
447,2.3489752343409243,5.456565191339269,0.013046042062342167
448,-0.7155091108795378,0.5400984819389303,0.0194048173725605
449,0.6827532215183522,0.4333749858076109,0.02444099634885788
450,0.18873301069902806,0.025105595942005756,0.030285555869340897
451,-0.7155091108795378,0.5637337680210729,0.0353129506111145
452,0.5502349795628724,0.2645334388591452,0.0359068363904953
453,0.41674233876948524,0.14427311123755612,0.03690933436155319
454,-0.7155091108795378,0.5693067557991635,0.03901508077979088
455,-0.7155091108795378,0.5676770064138982,0.0379343219101429
456,-0.7155091108795378,0.5608661440091077,0.03340085968375206
457,0.3222256514924152,0.08748544372136285,0.02644626796245575
458,-0.7155091108795378,0.5441568124844873,0.022160742431879044
459,-0.7155091108795378,0.53720093072721,0.017430812120437622
460,0.31832805614078347,0.09407998776446712,0.011603443883359432
461,-0.7155091108795378,0.5248560057484353,0.008960354141891003
462,-0.7155091108795378,0.5204346503439669,0.005902457050979137
463,1.4447331127623584,2.0826238883710033,0.0016032196581363678
464,-0.020762739451178614,0.0006417173651138373,0.004569401498883963
465,-0.28969681871376923,0.08944109135325044,0.00937021616846323
466,-0.19712892911251523,0.044084650778654894,0.012834521941840649
467,-0.7155091108795378,0.5332725243313694,0.014745998196303844
468,0.27837770378655785,0.07016078045265405,0.013498900458216667
469,0.2023745944297389,0.03572584930984852,0.013361766003072262
470,0.9292761275090601,0.8360379464372113,0.01492502074688673
471,-0.7155091108795378,0.5415948254127291,0.020422153174877167
472,0.18093781999576447,0.024921274665022974,0.02307308465242386
473,0.20334899326764713,0.031783783158340705,0.025068923830986023
474,0.5336701993184374,0.2564772323503977,0.027234386652708054
475,0.01723881522723094,0.00018508207688088823,0.030843302607536316
476,-0.7155091108795378,0.56148637780692,0.03381483629345894
477,-0.7155091108795378,0.5602789944231521,0.03300875425338745
478,-0.7155091108795378,0.5537745242825118,0.028651170432567596
479,1.159234253255333,1.2934508855968176,0.021934431046247482
480,-0.15620417792038183,0.03142847589497986,0.02107660472393036
481,1.7243855792419363,2.898794368412534,0.021800965070724487
482,1.560686574473403,2.345750437412001,0.029102284461259842
483,-0.7155091108795378,0.5725980353401579,0.04119296744465828
484,-0.7155091108795378,0.5828079840872377,0.04790950566530228
485,-0.7155091108795378,0.5828138483391908,0.04791334643959999
486,1.6230481000995107,2.497078795821766,0.04283330589532852
487,-0.7155091108795378,0.575462218174957,0.04308314993977547
488,-0.7155091108795378,0.5733728221738368,0.04170474410057068
489,0.23842735143233265,0.04046644940688414,0.03726460784673691
490,-0.7155091108795378,0.5616366739069053,0.033915117383003235
491,-0.7155091108795378,0.5544496640174564,0.029104657471179962
492,0.19457940372647545,0.029565886896047992,0.022632066160440445
493,-0.7155091108795378,0.5388497202526129,0.018554728478193283
494,0.33781603289894224,0.10485985254879013,0.013995322398841381
495,0.25694092935258334,0.05978945395095169,0.012422108091413975
496,-0.7155091108795378,0.5317125446683606,0.013677109964191914
497,0.27253131075911063,0.06727346786078373,0.01316001731902361
498,-0.7155091108795378,0.531984024048207,0.013863238506019115
499,0.029906000120034082,0.0003025506149394337,0.012512017972767353
500,-0.46996060372673765,0.23195966843701377,0.01166131068021059
501,0.16437303975132947,0.023824606173767117,0.010020825080573559
502,2.4620054995382454,6.01266783974204,0.009931308217346668
503,0.3426880270884818,0.10435721261364173,0.0196443572640419
504,0.47423187020605356,0.19691728184957527,0.03047824278473854
505,-0.7155091108795378,0.5706037377820852,0.039874061942100525
506,0.27058251308329456,0.051727178008615454,0.043146416544914246
507,-0.7155091108795378,0.5772307030505639,0.04424789175391197
508,-0.7155091108795378,0.5729155083177425,0.04140271246433258
509,0.2627873223800311,0.05173903774292554,0.03532515466213226
510,0.2735057095970183,0.05883214704618324,0.030952319502830505
511,-0.7155091108795378,0.5548367575220573,0.029364541172981262
512,-0.7155091108795378,0.5504594979417086,0.026420466601848602
513,0.2725313107591102,0.06306890317681176,0.021396081894636154
514,-0.7155091108795378,0.5388644160980425,0.01856473833322525
515,-0.7155091108795378,0.5334046819853072,0.014836479909718037
516,2.633499695010042,6.8844853935193315,0.009669404476881027
517,-0.15717857675828986,0.029885114495651323,0.01569453999400139
518,-0.7155091108795378,0.5449679495506627,0.02271033450961113
519,-0.7155091108795378,0.549019308961069,0.02544926106929779
520,0.2647361200558469,0.058114927616662634,0.023665741086006165
521,-0.7155091108795378,0.5444311283555179,0.022346653044223785
522,0.4635134829890661,0.19745539224886063,0.019153952598571777
523,1.7721311222994254,3.07522944205009,0.018497910350561142
524,0.26083852470421515,0.055401806011890424,0.025462642312049866
525,-0.7155091108795378,0.5609059566891729,0.033427439630031586
526,1.145592669524622,1.2299104808908679,0.036579377949237823
527,-0.7155091108795378,0.5726834691681031,0.04124941676855087
528,-0.7155091108795378,0.5738234272544428,0.042002227157354355
529,0.21991377351208186,0.032932123292874135,0.038441672921180725
530,-0.7155091108795378,0.563652634690142,0.03525891900062561
531,-0.7155091108795378,0.5562833401657179,0.03033493459224701
532,1.1602086520932409,1.291704757556182,0.023676753044128418
533,1.9621388956914738,3.760356319639359,0.022975075989961624
534,-0.21856570354648996,0.06237904121688653,0.03119226172566414
535,-0.3062615989582042,0.1187970836695151,0.03840792924165726
536,0.17801462348204058,0.018575163462640085,0.04172389209270477
537,-0.21661690587067398,0.06748496544674736,0.0431617796421051
538,-0.2887224198758613,0.10964487844770755,0.042404260486364365
539,0.26376172121793895,0.05016640372133811,0.03978314250707626
540,-0.7155091108795378,0.5678321261427102,0.0380372554063797
541,-0.7155091108795378,0.5620085392346277,0.03416317701339722
542,0.26765931656957065,0.057430822043247905,0.028012029826641083
543,-0.7155091108795378,0.5469770164495248,0.024069834500551224
544,-0.7155091108795378,0.5400769687743626,0.019390180706977844
545,0.24232494678396452,0.05238279593495575,0.01345206517726183
546,-0.7155091108795378,0.5268373733017577,0.010326527059078217
547,-0.7155091108795378,0.5216925813286113,0.006773784756660461
548,1.4281683325179242,2.033712889548255,0.0020852740854024887
549,0.6603420482464696,0.42983232805564553,0.004726056940853596
550,0.36412480152245663,0.12411386140576482,0.011826829053461552
551,1.0773847508710666,1.1182660373216409,0.019903764128684998
552,-0.7155091108795378,0.5556639826123934,0.029919613152742386
553,-0.3462119513124296,0.14520583257204872,0.03484687954187393
554,-0.7155091108795378,0.5639703488643902,0.03547048196196556
555,1.4525283034656222,2.0180871150463946,0.03193437308073044
556,-0.7155091108795378,0.5609057000086441,0.033427268266677856
557,0.2189393746741739,0.034512151363786346,0.03316491097211838
558,-0.35790473736732487,0.15295500097971307,0.03318988159298897
559,0.17996342115785652,0.021919782866331925,0.031910110265016556
560,2.552624591463683,6.357240730193891,0.031267669051885605
561,-0.7155091108795378,0.5702043066892207,0.039609625935554504
562,-0.7155091108795378,0.5782448085419786,0.044914986938238144
563,0.21016978513300247,0.027392237921265807,0.04466377943754196
564,1.287854899859181,1.5492365923636784,0.04317156970500946
565,-0.7155091108795378,0.5796134351514818,0.04581436514854431
566,-0.7155091108795378,0.5794367734269631,0.04569833353161812
567,-0.7155091108795378,0.5733831972755419,0.04171159490942955
568,-0.7155091108795378,0.5629426205187502,0.034785911440849304
569,-0.7155091108795378,0.5501442259807425,0.026207968592643738
570,-0.7155091108795378,0.5366179544614559,0.017033006995916367
571,-0.7155091108795378,0.5234158555468182,0.007965737022459507
572,-0.7155091108795378,0.5111111397099956,-0.0005887378938496113
573,-0.7155091108795378,0.4999551736303693,-0.008434027433395386
574,-0.7155091108795378,0.49001096024362983,-0.015501282177865505
575,-0.7155091108795378,0.4812444143234868,-0.02179129049181938
576,-0.7155091108795378,0.4735788241020734,-0.027338474988937378
577,-0.7155091108795378,0.4669234663570155,-0.03219112753868103
578,-0.7155091108795378,0.4611865361984026,-0.03640194982290268
579,-0.7155091108795378,0.45627972581137266,-0.040024302899837494
580,-0.7155091108795378,0.45211898878313994,-0.0431111715734005
581,-0.7155091108795378,0.44862419523855057,-0.04571496695280075
582,-0.7155091108795378,0.4457186595795115,-0.047887466847896576
583,-0.7155091108795378,0.4433290867789475,-0.04967948794364929
584,-0.7155091108795378,0.44138600473317297,-0.051140233874320984
585,-0.7155091108795378,0.4398243528218775,-0.052316565066576004
586,-0.7155091108795378,0.4385841301033324,-0.053252264857292175
587,-0.7155091108795378,0.43761096576978203,-0.05398740619421005
588,-0.7155091108795378,0.4368565758724532,-0.05455784499645233
589,-0.7155091108795378,0.436278737634642,-0.05499511584639549
590,-0.7155091108795378,0.4358413416622686,-0.055326301604509354
591,-0.7155091108795378,0.43551405079683786,-0.05557422712445259
592,-0.7155091108795378,0.43527177976388287,-0.055757809430360794
593,-0.7155091108795378,0.43509420468638865,-0.055892400443553925
594,-0.7155091108795378,0.4349651784203243,-0.05599021166563034
595,-0.7155091108795378,0.4348720226987927,-0.05606083944439888
596,-0.7155091108795378,0.43480501315680037,-0.0561116486787796
597,-0.7155091108795378,0.43475678461446643,-0.0561482198536396
598,-0.7155091108795378,0.4347218860519749,-0.056174684315919876
599,-0.7155091108795378,0.43469632708410627,-0.05619406700134277
600,-0.7155091108795378,0.4346772676471201,-0.056208521127700806
601,-0.7155091108795378,0.4346627031786046,-0.056219566613435745
602,-0.7155091108795378,0.434651233524385,-0.056228265166282654
603,-0.7155091108795378,0.4346419596705076,-0.05623529851436615
604,-0.7155091108795378,0.43463423317182887,-0.05624115839600563
605,-0.7155091108795378,0.43462764629997597,-0.05624615401029587
606,-0.7155091108795378,0.4346219583478873,-0.05625046789646149
607,-0.7155091108795378,0.4346169630009731,-0.05625425651669502
608,-0.7155091108795378,0.4346125718347696,-0.05625758692622185
609,-0.7155091108795378,0.4346086964279912,-0.056260526180267334
610,-0.7155091108795378,0.43460528765608397,-0.05626311153173447
611,-0.7155091108795378,0.43460229148432256,-0.05626538395881653
612,-0.7155091108795378,0.43459966861457,-0.05626737326383591
613,-0.7155091108795378,0.43459737974967994,-0.05626910924911499
614,-0.7155091108795378,0.434595395416756,-0.05627061426639557
615,-0.7155091108795378,0.4345937057903125,-0.05627189576625824
616,-0.7155091108795378,0.43459223228156035,-0.05627301335334778
617,-0.7155091108795378,0.434590969977716,-0.05627397075295448
618,-0.7155091108795378,0.4345899139661806,-0.05627477169036865
619,-0.7155091108795378,0.4345889954827721,-0.056275468319654465
620,-0.7155091108795378,0.4345882292620616,-0.056276049464941025
621,-0.7155091108795378,0.43458757601032255,-0.05627654492855072
622,-0.7155091108795378,0.43458701608065137,-0.056276969611644745
623,-0.7155091108795378,0.43458655438452715,-0.0562773197889328
624,-0.7155091108795378,0.4345861712751634,-0.05627761036157608
625,-0.09676584880799773,0.0016392772412773804,-0.05627785995602608
626,-0.13476740348640728,0.006571673846997002,-0.05370154231786728
627,-0.7155091108795378,0.4445300546670158,-0.048778239637613297
628,-0.7155091108795378,0.44991899751296033,-0.044749096035957336
629,-0.7155091108795378,0.45309860031925764,-0.04238311946392059
630,-0.7155091108795378,0.4542779439344611,-0.04150766879320145
631,-0.7155091108795378,0.45402638145368224,-0.041694313287734985
632,-0.7155091108795378,0.4528976443046342,-0.042532406747341156
633,-0.7155091108795378,0.4513112913790024,-0.04371204972267151
634,-0.1445113918654866,0.009896993964018861,-0.045027755200862885
635,-0.24292567449418828,0.03957089643779075,-0.04400132596492767
636,0.30566087124798036,0.12018953426803303,-0.04102275148034096
637,-0.7155091108795378,0.46358259495727,-0.0346401110291481
638,1.7672591281098862,3.2291264792132837,-0.029717911034822464
639,-0.7155091108795378,0.48680511016541533,-0.017794907093048096
640,-0.055841097615864276,0.0022380944302196515,-0.00853259488940239
641,0.15560345021015806,0.02468508394313905,-0.0015114247798919678
642,-0.7155091108795378,0.5185818476203432,0.004617161117494106
643,-0.7155091108795378,0.5220417019392084,0.00701542291790247
644,-0.7155091108795378,0.5204044194609121,0.005881504155695438
645,0.32027685381659926,0.10111600836538459,0.0022894195280969143
646,-0.7155091108795378,0.513851514486925,0.0013252594508230686
647,-0.7155091108795378,0.5115156396783875,-0.00030589522793889046
648,-0.7155091108795378,0.5071955650502676,-0.003332471940666437
649,0.4225887317969329,0.18498108887344075,-0.007505547255277634
650,-0.7155091108795378,0.5007792941449647,-0.007851500064134598
651,-0.29554321174121684,0.08238396555919496,-0.00851714052259922
652,-0.3199031826889154,0.0967122586022138,-0.00891723670065403
653,-0.7155091108795378,0.49909760729132857,-0.009040705859661102
654,0.4859246562609487,0.2464549988659865,-0.010517685674130917
655,-0.7155091108795378,0.49962195605286175,-0.008669697679579258
656,-0.7155091108795378,0.5007286284034369,-0.007887299172580242
657,-0.7155091108795378,0.4989883606770263,-0.009118028916418552
658,0.19457940372647545,0.042685279416389194,-0.012024757452309132
659,0.028931601282126115,0.001704509063616571,-0.012354099191725254
660,-0.7155091108795378,0.49733955126350804,-0.0102860601618886
661,-0.22636089424975336,0.047014937824521125,-0.009531611576676369
662,-0.17179455932690887,0.026548104177644975,-0.00885866954922676
663,0.14488506299317058,0.02328215894624834,-0.007699860725551844
664,2.150197871407705,4.644228635221804,-0.0048493752256035805
665,0.3982287608492343,0.15335003100554517,0.0066294362768530846
666,-0.7155091108795378,0.539711502106752,0.019141487777233124
667,-0.7155091108795378,0.5497913779825805,0.02597007155418396
668,0.37776638525316775,0.12319713177570164,0.026771895587444305
669,-0.7155091108795378,0.5516462105681434,0.027219783514738083
670,-0.14158819535176276,0.027744697265610442,0.024979200214147568
671,0.20822098745718653,0.03454340904969054,0.022362414747476578
672,-0.7155091108795378,0.5432174070118292,0.02152372896671295
673,0.2277089642153453,0.04351467108082722,0.019107259809970856
674,-0.7155091108795378,0.5383619560058515,0.018222417682409286
675,1.3492420266473808,1.7781575128616307,0.01576630026102066
676,-0.7155091108795378,0.5395642018750721,0.01904122903943062
677,0.7382939552791044,0.5150475972945139,0.02062578871846199
678,-0.10748423602498507,0.017359526688814627,0.024271320551633835
679,-0.7155091108795378,0.5515956995495713,0.027185779064893723
680,2.692938024122426,7.109963963040339,0.026486456394195557
681,0.21211858280881854,0.031613593005342326,0.03431646525859833
682,-0.023685935964902375,0.0043824152568977095,0.042513877153396606
683,-0.7155091108795378,0.582522406269586,0.04772244393825531
684,0.2413505479460564,0.03762185352915959,0.0473870113492012
685,-0.7155091108795378,0.5797079168622442,0.04587641358375549
686,0.21114418397091045,0.0288115626389275,0.041404493153095245
687,-0.7155091108795378,0.5675155822405535,0.03782719001173973
688,0.25012013748722783,0.0472714439553165,0.03270016610622406
689,-0.7155091108795378,0.5550220899536008,0.029488936066627502
690,-0.7155091108795378,0.548534930615989,0.025122329592704773
691,1.3999107662185937,1.9065099430059809,0.019146505743265152
692,-0.7155091108795378,0.5409341800259956,0.019973166286945343
693,0.9321993240227836,0.8320158788836095,0.020050279796123505
694,1.7857727060301367,3.105280174761475,0.023592188954353333
695,0.15560345021015792,0.014938471175581504,0.0333804115653038
696,0.24037614910814858,0.039287940224328625,0.04216429218649864
697,-0.7155091108795378,0.5834383523379327,0.04832225292921066
698,-0.7155091108795378,0.5840261174804205,0.04870690405368805
699,-0.7155091108795378,0.5770651810922326,0.04413895308971405
700,0.21796497583626606,0.032957038056315585,0.036424241960048676
701,-0.7155091108795378,0.5567954884280634,0.030678190290927887
702,0.22186257118789765,0.03895511764908637,0.024492062628269196
703,-0.7155091108795378,0.5424533880758946,0.021005239337682724
704,0.14683386066898652,0.01688373191169266,0.01689644530415535
705,1.7984398909229395,3.1814063970925703,0.014790150336921215
706,-0.7155091108795378,0.5422274105948339,0.02085181325674057
707,-0.7155091108795378,0.5482586448425594,0.024935785681009293
708,-0.7155091108795378,0.547949237765499,0.02472682297229767
709,-0.7155091108795378,0.5422215457384467,0.020847830921411514
710,0.21504177932254218,0.040161953914228464,0.014637303538620472
711,-0.7155091108795378,0.5276692385754116,0.010899340733885765
712,-0.7155091108795378,0.5217922998982157,0.006842811591923237
713,-0.7155091108795378,0.5146348188369603,0.0018714149482548237
714,3.337015655979573,11.160975719725284,-0.0037889955565333366
715,-0.7155091108795378,0.519111738323501,0.0049849823117256165
716,-0.7155091108795378,0.5308131729431591,0.01306015346199274
717,0.1819122188336723,0.027391124805062353,0.016409575939178467
718,0.6398796726504028,0.3859694278718908,0.018615294247865677
719,0.20432339210555495,0.03301286421658232,0.022628966718912125
720,-0.005172358044651579,0.0010346181034033145,0.026993121951818466
721,0.35827840849500886,0.10756489136365167,0.03030753880739212
722,0.635007678460863,0.3615752648025546,0.03369639068841934
723,1.1689782416344128,1.2784877067806117,0.038275934755802155
724,-0.06655948483285148,0.012570918070338489,0.04556062072515488
725,-0.7155091108795378,0.5869121872933368,0.05059283226728439
726,3.8690374214773064,14.583005826725838,0.05026722326874733
727,0.2004257967539231,0.019775074362182746,0.059801921248435974
728,-0.7155091108795378,0.6144482029206803,0.06835835427045822
729,-0.7155091108795378,0.6172216565289047,0.07012544572353363
730,0.7714235157679744,0.49824484115381734,0.06555891036987305
731,0.670086036625549,0.36976475099296635,0.06200318783521652
732,0.7918858913640408,0.5341884728533799,0.0610039085149765
733,1.097847126467133,1.0717052168914525,0.06261516362428665
734,-0.7125859143658141,0.6076455772409741,0.06693033128976822
735,5.763268762370337,32.44818579058431,0.06693785637617111
736,0.16144984323760572,0.006670110962884707,0.07977909594774246
737,0.3368416340610341,0.060874897992945244,0.09011324495077133
738,-0.7155091108795378,0.6569269613696033,0.09500119835138321
739,0.2510945363251359,0.025285770606142993,0.0920795351266861
740,0.24719694097350406,0.02585385130316573,0.08640561252832413
741,-0.7155091108795378,0.6336882581346914,0.08053627610206604
742,5.589825769222723,30.443762066558524,0.07223915308713913
743,-0.7155091108795378,0.632259633851576,0.07963844388723373
744,1.0988215253050408,1.028643727440647,0.0846007764339447
745,-0.7155091108795378,0.6465414771812634,0.08856891840696335
746,2.021577224803858,3.744316501851708,0.08655358105897903
747,-0.7155091108795378,0.6452088653605171,0.08773983269929886
748,0.17996342115785652,0.009006400476354221,0.08506136387586594
749,-0.20297532213996286,0.08050324397773634,0.08075561374425888
750,-0.22246329889812164,0.08841529500769248,0.07488379627466202
751,-0.7106371166899981,0.6063485041059227,0.06804671138525009
752,0.23160655956697704,0.029731738441829563,0.05917762219905853
753,0.16729623626505322,0.013252506134961475,0.05217670649290085
754,-0.7155091108795378,0.5823346639406219,0.047599442303180695
755,0.21016978513300247,0.028353060159822523,0.04178611561655998
756,0.2764289061107422,0.057032760873421816,0.037613578140735626
757,-0.7155091108795378,0.5644510538770083,0.03579046577215195
758,1.7555663420549907,2.9699733248149403,0.032205287367105484
759,-0.7155091108795378,0.5636192522351772,0.03523668646812439
760,1.1319510857939108,1.2005667168471086,0.03624733164906502
761,-0.24487447217000421,0.08118063865081661,0.04004769027233124
762,0.26765931656957065,0.050864635022301825,0.042127422988414764
763,-0.7155091108795378,0.5761640937369626,0.04354562610387802
764,0.22965776189116124,0.0354930301730337,0.04126182198524475
765,0.04159878617492926,6.625826424546863e-06,0.039024718105793
766,-0.7155091108795378,0.5667072520540917,0.03729049861431122
767,0.3105328654375202,0.07684499907101733,0.033323559910058975
768,-0.7155091108795378,0.5571419787829045,0.030910328030586243
769,1.661049654777921,2.670287434909012,0.026948239654302597
770,0.21504177932254218,0.034329684479917764,0.029759064316749573
771,-0.7155091108795378,0.5621967861366276,0.03428871929645538
772,-0.25656725822489945,0.08509422005791249,0.035141877830028534
773,-0.23902807914255655,0.07430889576300637,0.033568501472473145
774,0.2286833630532534,0.039171240187451814,0.030766107141971588
775,0.19750260024019933,0.028308848593824442,0.029250264167785645
776,-0.02953232899235003,0.003458656864019814,0.029278017580509186
777,0.3173536573028757,0.08278760526947121,0.029625304043293
778,-0.7155091108795378,0.5574379771252447,0.03110858052968979
779,-0.7155091108795378,0.5554623951716233,0.02978438511490822
780,-0.2146681081948581,0.05762345396318335,0.025380749255418777
781,-0.23805368030464866,0.06696600661041861,0.020724229514598846
782,-0.7155091108795378,0.5362048136629856,0.016750961542129517
783,2.3372824482860293,5.407781213586578,0.011818792670965195
784,-0.7106371166899981,0.5295546644049071,0.01706795021891594
785,-0.7155091108795378,0.5428029900703032,0.02124253660440445
786,-0.7155091108795378,0.5431308013243455,0.02146497368812561
787,0.2442737444597803,0.051151862731979365,0.018105968832969666
788,-0.7155091108795378,0.535184351857473,0.01605384051799774
789,-0.7155091108795378,0.5303648618202225,0.01275242306292057
790,1.8929565782000093,3.5533633549549357,0.007919879630208015
791,0.8727609949103998,0.741255060796573,0.011799287982285023
792,0.28519849565191346,0.06999844325474366,0.020626306533813477
793,-0.7155091108795378,0.5549370680775788,0.029431872069835663
794,-0.7155091108795378,0.5603096510215726,0.033029232174158096
795,-0.7155091108795378,0.5578977373905314,0.03141641244292259
796,-0.7155091108795378,0.5500550197812812,0.026147831231355667
797,0.25499213167676754,0.05576475024885982,0.01884651929140091
798,-0.7155091108795378,0.5328578998685747,0.014462052844464779
799,0.7149083831693137,0.49690226266980675,0.009995436295866966
800,-0.20784731632950243,0.04754280468507521,0.010195809416472912
801,-0.7155091108795378,0.528575863536539,0.011523119173943996
802,0.6018781179719931,0.3495085389457115,0.01068564597517252
803,-0.263388050090255,0.07606179244022515,0.012404974550008774
804,-0.17958975003017233,0.03744915017047424,0.013928079046308994
805,-0.7155091108795378,0.5333737611171389,0.014815310947597027
806,0.2286833630532534,0.04648416402295218,0.013081498444080353
807,-0.7155091108795378,0.530088795850332,0.012562860734760761
808,1.3053940789415235,1.6769588704990346,0.010419611819088459
809,0.1517058548585262,0.0189765142669945,0.013950585387647152
810,-0.5323221293528456,0.30403520645766224,0.01907174661755562
811,1.272264518452654,1.5643825755810645,0.021511714905500412
812,-0.7155091108795378,0.5518376178435045,0.027348626405000687
813,-0.7155091108795378,0.5555739523628229,0.02985922247171402
814,0.13026908042455165,0.010441910455463999,0.02808341383934021
815,-0.7155091108795378,0.5501416231328443,0.026206213980913162
816,1.6883328222393428,2.775489894519436,0.022352661937475204
817,-0.7155091108795378,0.5490151133358323,0.02544642984867096
818,0.08642113271869456,0.0035245492582799873,0.027053218334913254
819,-0.7155091108795378,0.5530738806733808,0.028180260211229324
820,0.3319696398714946,0.09344493010597006,0.02628200501203537
821,0.26571051889375474,0.057717909146334616,0.025465000420808792
822,-0.7155091108795378,0.5503408886680773,0.026340529322624207
823,-0.7155091108795378,0.5482250759668666,0.024913117289543152
824,0.47325747136814544,0.20476252181401922,0.020750541239976883
825,5.4163827760751095,29.13039528525796,0.019124649465084076
826,-0.7155091108795378,0.5636898107522964,0.03528367727994919
827,1.4564258988172543,1.9835031829517884,0.04805691912770271
828,-0.7155091108795378,0.6010715444030222,0.05977892875671387
829,1.828646254898086,3.113908342389058,0.06401928514242172
830,0.3134560619512438,0.0595067486618112,0.06951601058244705
831,-0.7155091108795378,0.6221466404039397,0.07325361669063568
832,0.2881216921656375,0.04692414909539203,0.07150186598300934
833,-0.7155091108795378,0.6144509595301388,0.0683601126074791
834,0.6038269156478092,0.2934705205484726,0.06209772080183029
835,-0.7155091108795378,0.5981813895548705,0.057912759482860565
836,-0.7155091108795378,0.5893063785703321,0.0521538220345974
837,0.26668491773166253,0.04944177200287748,0.04432985931634903
838,1.4242707371662917,1.9197652755800392,0.03871479257941246
839,-0.7155091108795378,0.5709841668425777,0.040125831961631775
840,-0.7155091108795378,0.5708611484784204,0.040044426918029785
841,0.09031872807032616,0.0028956728872545226,0.036507271230220795
842,-0.5508357072730965,0.3409446067048601,0.03306891396641731
843,1.5431473953910606,2.2943412627486093,0.02843908593058586
844,0.060112364095180185,0.0008843591188881283,0.030374187976121902
845,-0.7155091108795378,0.561190484101169,0.03361736983060837
846,-0.7155091108795378,0.5609107889900865,0.033430665731430054
847,0.4674110783406978,0.1917513783438426,0.02951682358980179
848,-0.7155091108795378,0.5519282692338715,0.027409639209508896
849,-0.7155091108795378,0.5466084785491923,0.02382063865661621
850,-0.7155091108795378,0.5385332585527783,0.018339142203330994
851,-0.7155091108795378,0.5286074981932524,0.011544874869287014
852,-0.7155091108795378,0.5179189254081066,0.004156732000410557
853,-0.7155091108795378,0.5073048274557448,-0.00325576588511467
854,0.9195321391299808,0.8646313386395617,-0.01032340805977583
855,-0.6239156201161916,0.37644914391242495,-0.010361104272305965
856,-0.7155091108795378,0.4983630989370542,-0.009560742415487766
857,-0.39590629204573446,0.14872617012873438,-0.010255970992147923
858,0.25499213167676754,0.07095390962733103,-0.011379619129002094
859,-0.7155091108795378,0.49788394931487656,-0.009900189936161041
860,-0.7155091108795378,0.49837085443205836,-0.009555249474942684
861,0.3806895817668915,0.1534778400455979,-0.011072897352278233
862,-0.7155091108795378,0.4980699202765325,-0.00976842176169157
863,-0.7155091108795378,0.49850594621454447,-0.00945957563817501
864,-0.7155091108795378,0.49641411167172617,-0.010942498221993446
865,0.6505980598673899,0.4415520283637799,-0.013895753771066666
866,0.06693315596053581,0.006284933009573061,-0.012344413436949253
867,2.656885267119832,7.102994899202788,-0.008259175345301628
868,3.469533897935052,11.995547773675357,0.0060749659314751625
869,1.5061202395505593,2.1780743017839246,0.03029020130634308
870,0.3261232468440469,0.07418686041547065,0.053750596940517426
871,-0.7155091108795378,0.6163206153742242,0.06955178827047348
872,-0.7155091108795378,0.6241896593849585,0.07454763352870941
873,-0.0012747626930198536,0.00523329799301609,0.07106677442789078
874,-0.7155091108795378,0.6090311640205629,0.0648953765630722
875,-0.7155091108795378,0.5955836260015408,0.0562315359711647
876,0.823066654177095,0.603720457171922,0.04607215151190758
877,0.7772699087954219,0.542095872898279,0.04099830612540245
878,-0.7155091108795378,0.5728087531938008,0.0413321889936924
879,-0.2633880500902549,0.0921270265914616,0.040136292576789856
880,-0.2400024779804644,0.07703731285409374,0.03755348548293114
881,-0.7155091108795378,0.5620465715053358,0.034188542515039444
882,-0.7155091108795378,0.5539096501898343,0.028741955757141113
883,-0.7155091108795378,0.543268411613108,0.021558329463005066
884,-0.7155091108795378,0.5313260845331632,0.013412067666649818
885,-0.7155091108795378,0.5191488043688497,0.005010704509913921
886,-0.7155091108795378,0.5074662137482243,-0.0031424821354448795
887,-0.7155091108795378,0.49669453646128825,-0.01074352115392685
888,-0.7155091108795378,0.48702226534062903,-0.01763930544257164
889,-0.7155091108795378,0.4784937246879548,-0.02377670258283615
890,-0.7155091108795378,0.4710717366700427,-0.0291624516248703
891,-0.7155091108795378,0.464678321968795,-0.03383593261241913
892,-0.7155091108795378,0.45921874530941664,-0.03785230591893196
893,-0.7155091108795378,0.45459447173807355,-0.04127289727330208
894,-0.511859753756779,0.21874291936218743,-0.0441601499915123
895,-0.7155091108795378,0.44860545166000293,-0.045728959143161774
896,1.883212589820931,3.7253080072164613,-0.04689310863614082
897,-0.7155091108795378,0.45957301671132295,-0.037590961903333664
898,-0.7155091108795378,0.4717105240046512,-0.02869725599884987
899,-0.7155091108795378,0.47924279377833756,-0.023235470056533813
