,Voltage at scale: 5^2,mse,predicted
0,1.310835239585957,0.009660893568888686,1.212545394897461
1,1.068360912898168,0.031205159155554944,1.2450107336044312
2,1.4737325835609663,0.042335409517602646,1.2679768800735474
3,1.1344134311741765,0.023476072437617616,1.2876324653625488
4,0.8077734641968576,0.24293668107418623,1.3006595373153687
5,0.49175986213415224,0.6546135956424094,1.3008418083190918
6,0.49115609140037364,0.6255769322704835,1.2820903062820435
7,0.8564373853398755,0.15131868007483557,1.2454344034194946
8,1.2564958735453584,0.0029764538937180765,1.2019389867782593
9,1.5040418743969237,0.1144876749037715,1.1656816005706787
10,1.3458539421454425,0.03978721125445005,1.1463866233825684
11,0.9451916832061725,0.03885592198497995,1.1423107385635376
12,0.6384761504437367,0.25412180544231766,1.1425811052322388
13,1.2205111378118114,0.007120482357404064,1.1361281871795654
14,0.8305959979338986,0.09020506369180407,1.1309375762939453
15,0.9806934023526845,0.02011731141024228,1.1225289106369019
16,1.6324035323994823,0.2700710845860538,1.1127198934555054
17,1.5006607582877394,0.14867114301496595,1.115081787109375
18,0.913312588462358,0.04704176463467024,1.1302037239074707
19,0.395156544728656,0.5618962444325792,1.1447539329528809
20,0.06151283723947269,1.1701250897032838,1.1432360410690308
21,0.626038473327779,0.23949729648290802,1.1154230833053589
22,1.0134177761237908,0.0035844822030527425,1.0732883214950562
23,1.4445100800457964,0.1696653593110658,1.032605528831482
24,0.9918027838543328,0.0002901396291075345,1.008836269378662
25,0.7603170845214056,0.05588039989031617,0.9967074394226074
26,0.5259332856663461,0.21316953394548316,0.987636148929596
27,1.3628802768381676,0.1520540021862941,0.9729392528533936
28,1.4505477873836512,0.23358194668154247,0.9672446250915527
29,1.3794235949438494,0.16230541823949454,0.9765521287918091
30,1.032859193751656,0.001149420833786092,0.9989560842514038
31,0.7327851390608536,0.08489265670426287,1.0241485834121704
32,1.3227899001148713,0.07934777528668513,1.0411025285720825
33,1.3799066115308756,0.10359134798931267,1.058050513267517
34,1.1793339737677273,0.010063725751464967,1.079015851020813
35,0.962218017898889,0.01916706432677862,1.100663185119629
36,0.7123776882589443,0.16372074555402982,1.1170018911361694
37,0.821660191073903,0.08987825802757492,1.1214572191238403
38,0.4139941916227341,0.4921255817733346,1.1155108213424683
39,0.39914143157163606,0.48228682518660226,1.093610167503357
40,0.07069015239296425,0.9713074884620907,1.0562394857406616
41,-0.35665877297956594,1.8404709507930077,0.9999808073043823
42,0.42389603165679945,0.2444732734195791,0.918338418006897
43,0.8636826341452961,0.0010873129312991862,0.8307082056999207
44,1.4693854342777122,0.507591650802912,0.7569307684898376
45,1.2462317710710362,0.28002203816661914,0.7170606851577759
46,0.9442256500321284,0.05518147239203716,0.7093182802200317
47,1.5337473944991198,0.6604715906340842,0.7210533618927002
48,1.5091135485607172,0.5679099051384735,0.7555155754089355
49,1.83213089113533,1.0477779972033627,0.8085206151008606
50,1.5117701397893706,0.3991118257426002,0.8800171613693237
51,1.678410862313838,0.5177828940658081,0.9588395357131958
52,1.051093069911947,0.0001119597652510969,1.040511965751648
53,1.0772967197581893,0.0010385906566558066,1.109523892402649
54,1.015349842471896,0.02125590690840186,1.1611438989639282
55,1.292359855132153,0.009557831095910668,1.1945956945419312
56,1.4772344538169113,0.06750628537790335,1.2174147367477417
57,1.149266191225266,0.007783787210006884,1.2374919652938843
58,1.0299610942294894,0.04938658455382976,1.2521920204162598
59,0.9372219095202297,0.10356258541738127,1.2590333223342896
60,0.7376153049311169,0.26938473372588284,1.2566381692886353
61,0.9860065848099998,0.06575325902239997,1.242430567741394
62,1.1344134311741765,0.0077385440967442515,1.2223824262619019
63,1.200948966037211,4.561390571283308e-06,1.2030847072601318
64,1.5231210295845063,0.11185746498460142,1.188670039176941
65,2.097910768147169,0.8312677831921663,1.1861718893051147
66,2.088854207140413,0.7787682835894688,1.2063757181167603
67,2.0061376166119533,0.5742731109488224,1.248329520225525
68,1.7244181922282027,0.1759486648438817,1.3049558401107788
69,1.4913626889874614,0.01602871337187061,1.3647581338882446
70,1.170881183494741,0.06087748620832345,1.4176148176193237
71,1.1959980460201785,0.06690949000760521,1.4546667337417603
72,1.5186531261545,0.001898346070972267,1.4750831127166748
73,2.3293964674800964,0.7104715996226675,1.486501693725586
74,1.7530369250095768,0.06105402320112949,1.5059458017349243
75,1.2510619369413079,0.07732183767977578,1.529129981994629
76,0.8692373248961074,0.4573881771432235,1.5455421209335327
77,1.2275148783237104,0.10139230702916908,1.5459364652633667
78,1.0289950610554284,0.2563719895623593,1.5353269577026367
79,1.1299455277441701,0.14794478644254583,1.5145814418792725
80,1.0675156338708762,0.1767373638170683,1.4879170656204224
81,1.1881490264809877,0.07254113902419743,1.4574836492538452
82,1.9170210563053993,0.23969353308741545,1.4274359941482544
83,1.9061531830972813,0.24398011586870025,1.4122097492218018
84,1.9751038008954478,0.3140793749339194,1.4146759510040283
85,1.9821075414073466,0.3009056979165279,1.4335588216781616
86,1.1100210935292871,0.12585817625813453,1.4647860527038574
87,0.9677727086497089,0.27293741914859115,1.4902068376541138
88,0.6527251397610647,0.7194576720167397,1.5009336471557617
89,1.1187153920957866,0.13828024448933218,1.490575909614563
90,1.3801481198243888,0.0077796230445697475,1.4683502912521362
91,1.1600133102866317,0.08111772890991026,1.4448250532150269
92,1.5300040159496529,0.011859457099323487,1.4211028814315796
93,1.2487676081529286,0.024240477540816888,1.404461145401001
94,1.2174922841428928,0.030455217280043967,1.392006516456604
95,1.0893721344338645,0.08537150087926108,1.3815561532974243
96,0.48656743382359785,0.7801763684083757,1.3698433637619019
97,0.5359558798471638,0.6549199438722018,1.3452271223068237
98,0.15183693901358383,1.3330950053106694,1.3064342737197876
99,0.3591718089951263,0.7909521086190953,1.248526692390442
100,0.09158061978191706,1.1790878484739717,1.177438735961914
101,0.19108203670957125,0.8140393873226816,1.0933233499526978
102,-0.7908906847172256,3.212852436284968,1.0015524625778198
103,0.1955499401395776,0.4770187619385922,0.8862153887748718
104,0.4152017330902999,0.12394280954208124,0.7672568559646606
105,0.898822090851534,0.05705707663092135,0.6599558591842651
106,0.8711693912442212,0.08404757858510609,0.5812597870826721
107,1.3450086631181508,0.6576659606919356,0.5340425968170166
108,1.9858509199568135,2.1336985428972266,0.525132417678833
109,1.8664250688142763,1.6969947163377073,0.5637375712394714
110,1.424585645830922,0.6136738231411129,0.6412122845649719
111,1.2926013634256575,0.30945185223243504,0.7363173961639404
112,1.2481638374191242,0.17270281666376333,0.8325885534286499
113,1.2302922236991245,0.09604802703860696,0.9203760623931885
114,1.292722117572427,0.08844853818490732,0.995319128036499
115,1.2494921330334767,0.03674694983230678,1.0577971935272217
116,1.175590595218269,0.0045321522336397805,1.1082693338394165
117,1.402125374534138,0.06518475594037212,1.1468123197555542
118,1.1173870964814598,0.003813653174006145,1.179141879081726
119,1.7385464273987612,0.2869494781631234,1.2028697729110718
120,2.2170951109962016,0.9754742082939721,1.2294341325759888
121,2.066997706577416,0.6347380137904889,1.2702932357788086
122,1.5407511350110186,0.047189441642722665,1.3235198259353638
123,2.227359213470541,0.7243842065928331,1.3762515783309937
124,2.0327035288984696,0.3595146887237001,1.4331080913543701
125,1.6706825969213912,0.03240450446505926,1.490670084953308
126,1.1319983482390448,0.16712754241190753,1.5408107042312622
127,0.6820683974229697,0.7932310639443998,1.5727035999298096
128,1.1932207006447642,0.14787971821279464,1.5777720212936401
129,1.1828358440236726,0.1464685507910694,1.5655479431152344
130,1.5714226882872502,0.0008112895242075869,1.54293954372406
131,0.9899914716529626,0.28232025056866955,1.521329641342163
132,1.1625491473685154,0.11113251063201336,1.4959145784378052
133,1.2948956922140369,0.030264959616311673,1.4688639640808105
134,1.8601458531828996,0.17312835667745685,1.444058895111084
135,1.5139437144309977,0.006635058596200398,1.4324878454208374
136,1.4761476664960977,0.0020825749667030716,1.4305124282836914
137,1.6663354476381544,0.05380601427340222,1.434374213218689
138,1.65957321541976,0.0462562447310895,1.4445005655288696
139,1.504887153424224,0.0020590780695165546,1.459510087966919
140,0.8633203717050221,0.3743404404051466,1.4751540422439575
141,0.8959239913293675,0.33989183208280643,1.478926420211792
142,1.1018098115498225,0.13440296390234618,1.4684199094772339
143,1.2258243202691181,0.04974461734636806,1.4488593339920044
144,1.4497025083563422,0.000543776368484914,1.4263834953308105
145,1.2392280305591372,0.028550004244183268,1.4081954956054688
146,0.9096899640596606,0.2337045331496217,1.3931199312210083
147,1.627090349942167,0.06369940951769323,1.3747029304504395
148,1.5345926735264288,0.02916999849105885,1.3638004064559937
149,1.2230469748937212,0.01926592221468962,1.3618487119674683
150,1.3044352698078368,0.0033713827626659833,1.3624988794326782
151,0.8520902360566214,0.2622119649873863,1.3641566038131714
152,0.9002711406126129,0.20958417615410094,1.3580747842788696
153,-0.0680563622306516,1.991259864235547,1.3430637121200562
154,0.1563048424435902,1.3138737661732767,1.3025481700897217
155,-0.22890088571079464,2.1538136152589233,1.2386868000030518
156,0.6049064976453216,0.2963172793778846,1.1492568254470825
157,1.3418690553024626,0.08195615608667688,1.055589199066162
158,1.9511944798375933,0.9363961460979546,0.9835188388824463
159,1.5739585253691513,0.385451658562507,0.9531109929084778
160,1.5415964140383105,0.34035599179794107,0.9581960439682007
161,1.001704623888381,0.0001597045622512955,0.9890671968460083
162,1.0589420894511377,0.0010782087739503866,1.0261059999465942
163,1.1572359649112174,0.009338547610239056,1.0605998039245605
164,1.470230713305021,0.14405910353487567,1.0906795263290405
165,1.4661250723152888,0.11864534959256642,1.121675729751587
166,1.5446152677072464,0.15196147458062784,1.1547929048538208
167,1.4797702908988037,0.08348174290256576,1.1908382177352905
168,1.0894928885806254,0.01909329682059856,1.2276713848114014
169,1.151319011720132,0.011089965592267336,1.2566279172897339
170,1.2149564470610088,0.003759984302446911,1.2762751579284668
171,1.3850990398414214,0.009325212602949757,1.2885318994522095
172,1.1219757540582271,0.031097985181201607,1.2983219623565674
173,1.119439916976326,0.033771538417805474,1.3032102584838867
174,1.1788509571806924,0.015414902225798895,1.30300772190094
175,0.8483468575071546,0.20367233278639088,1.299647569656372
176,0.9095692099128911,0.14363070062308636,1.28855562210083
177,1.0765721948776499,0.03764233332323173,1.2705885171890259
178,1.7140333356071196,0.2146693872818686,1.250709056854248
179,1.6384412397373285,0.1561940086560317,1.2432273626327515
180,1.42192905460226,0.02947378587372851,1.2502497434616089
181,1.3540652241249074,0.0077592577976032424,1.2659785747528076
182,1.43146863219606,0.021451568424899193,1.2850050926208496
183,1.5266228998404687,0.048880299348776246,1.3055340051651
184,1.186458468426387,0.019970699453551122,1.3277761936187744
185,1.036602572301123,0.095236604366378,1.3452068567276
186,1.1758321035117736,0.03145550801860035,1.3531891107559204
187,1.2276356324704627,0.015938976785564888,1.353885293006897
188,0.7879697841287355,0.3162881586773124,1.3503648042678833
189,0.6340082470137389,0.49400536404378886,1.336863398551941
190,1.1990168996890973,0.012365732524363543,1.3102182149887085
191,1.099998499348478,0.03323513940547647,1.2823035717010498
192,0.962218017898889,0.08674065475472234,1.2567356824874878
193,0.49477161261796393,0.5442170790955801,1.2324823141098022
194,1.004560104299922,0.03837553798535444,1.2004568576812744
195,1.4563333316503106,0.08277677169882962,1.1686238050460815
196,1.5124946646699102,0.13195255339650136,1.1492419242858887
197,1.7003881170235873,0.3069790772049763,1.1463311910629272
198,1.3808726447049369,0.047937463000827386,1.1619263887405396
199,1.1895980762420582,5.3621570960475e-06,1.1872824430465698
200,1.2171300217026357,1.5829942178281645e-05,1.2131513357162476
201,0.8938711708345098,0.11686896173160066,1.2357321977615356
202,1.568524588765101,0.10287145460566832,1.2477887868881226
203,1.079711802693321,0.032624297412427936,1.260333776473999
204,0.8503996780020379,0.17489259524678508,1.2686012983322144
205,1.2430921632553393,0.0005785350320584858,1.2671449184417725
206,1.2910315595178177,0.0007998381937061516,1.2627501487731934
207,1.4966758714447765,0.05621201392434769,1.2595851421356201
208,1.6098225069559458,0.12039377664369823,1.262844443321228
209,1.7049767746003546,0.18461729355354087,1.2753056287765503
210,1.2374770954311476,0.0036256553843385594,1.297690510749817
211,1.1469718624368952,0.029918667633461397,1.3199419975280762
212,0.14555772338223305,1.4174044948853637,1.3361057043075562
213,-0.0521168148587572,1.9010236349782106,1.3266593217849731
214,0.2107649626309411,1.1523422733420436,1.284237027168274
215,0.4602430298306203,0.5723881508509454,1.216806411743164
216,0.06501470749539208,1.1504035464635116,1.1375833749771118
217,-0.2862591054203035,1.7776527707994085,1.047027349472046
218,0.4993673733798383,0.1951584157907221,0.9411347508430481
219,1.0475911996559846,0.0435230762118206,0.838969349861145
220,0.8988220908515512,0.01897369727251684,0.7610770463943481
221,1.3299143947735397,0.3843555920585378,0.7099502086639404
222,1.5761321000107784,0.781492435110195,0.6921114921569824
223,1.449098737622555,0.5468821386806484,0.7095839381217957
224,1.716206910248721,0.9264702334320577,0.7536736726760864
225,1.436661060506606,0.3800057617868755,0.8202149868011475
226,1.4347289941585006,0.289760528420227,0.8964349031448364
227,1.6750297462046624,0.4918059962641377,0.9737409353256226
228,1.4277252536465932,0.14167663992559126,1.0513256788253784
229,1.5444945135604855,0.17793969602636367,1.122665524482727
230,1.3953631423157522,0.04343421259273636,1.186954379081726
231,1.5533095662737373,0.09737207240991985,1.2412645816802979
232,1.171605708375289,0.013541135384161043,1.287972092628479
233,1.1507152409863535,0.029315490823801357,1.3219329118728638
234,1.0078630853729882,0.1119657297653911,1.3424758911132812
235,2.0487638304171334,0.4897662204613315,1.348930835723877
236,2.264551490671654,0.8155783848197444,1.3614577054977417
237,2.287011761968421,0.8051742894560051,1.389696717262268
238,2.272279756064092,0.7031832765509731,1.433719515800476
239,2.1185597272426175,0.3964324089337304,1.4889309406280518
240,1.941292639803528,0.154920008429066,1.5476938486099243
241,1.5065777114788248,0.009201375424659134,1.6025015115737915
242,1.049885528444364,0.35297249371405776,1.6440004110336304
243,0.5458577198812291,1.2495246891023077,1.6636791229248047
244,2.0027565005027776,0.1216176792590609,1.6540192365646362
245,1.178971711327462,0.21248299257366077,1.6399304866790771
246,0.001498026301301921,2.6181126023027783,1.6195563077926636
247,-0.204387793919153,3.1645502334386837,1.5745304822921753
248,-0.019633949381155476,2.3036152573775044,1.498132586479187
249,1.037206343034893,0.1292036535466306,1.3966554403305054
250,1.0740363577957488,0.05011624739065891,1.2979029417037964
251,0.6872608257335154,0.27843066659266114,1.2149261236190796
252,0.4027640559743506,0.5500404955052017,1.1444112062454224
253,-0.06419222953443243,1.3055786057346765,1.0784269571304321
254,1.103138107164149,0.009761456028804056,1.004338026046753
255,1.2959824795348505,0.12435238600773714,0.9433461427688599
256,1.2534770198764396,0.12036688361322724,0.9065377116203308
257,1.1107456184098266,0.04699264523456172,0.8939677476882935
258,0.5789443560926094,0.10222804336034706,0.8986755609512329
259,0.47666559378954965,0.18243444122978014,0.9037890434265137
260,-0.07747518567769922,0.9554879885172625,0.9000154733657837
261,-0.8314640780275396,2.9063724261331294,0.8733445405960083
262,-1.4759289592689253,5.2071290222220865,0.8059844970703125
263,-0.8390715892732171,2.3211771515912596,0.6844694018363953
264,-1.453347933825389,3.9258237094352273,0.5280212163925171
265,-1.4708572851051318,3.280378023633125,0.3403241038322449
266,-0.6802798862879488,0.6621125820895519,0.1334231197834015
267,-0.9490786169687239,0.788727888435581,-0.060975082218647
268,-1.2328508618473577,1.0011521562684316,-0.23227494955062866
269,-2.0697978530191534,2.8527892224524383,-0.38077765703201294
270,-1.906175984163622,1.9171292003999023,-0.5215716361999512
271,-2.3286947436658805,2.8095567727824857,-0.6525214910507202
272,-1.6967882936872134,0.8472289971659864,-0.7763378620147705
273,-1.8664478698806084,0.9734248128897652,-0.8798249363899231
274,-1.3842765618804618,0.17845836138281745,-0.9618332386016846
275,-1.4661478733816122,0.20237032843147548,-1.0162919759750366
276,-1.4069783414707333,0.1296429095474232,-1.0469187498092651
277,-1.6384640408036606,0.33637551338668437,-1.0584851503372192
278,-0.7913737013042604,0.07221777412913036,-1.0601073503494263
279,-0.7219400669190678,0.10388177923163076,-1.044247031211853
280,-0.07783744811796467,0.8722743414040468,-1.0117937326431274
281,0.09653153979894116,1.1107810383028542,-0.9574044346809387
282,-0.22636504862890217,0.43060583583523204,-0.8825706839561462
283,-0.3191042333381793,0.2312706675782697,-0.8000103235244751
284,-0.28468930151247224,0.18990633349278868,-0.7204717397689819
285,-0.2127198300453871,0.19068311223624254,-0.6493926048278809
286,-0.6176084841211418,0.0008739360972804945,-0.5880460739135742
287,-0.35231162369631186,0.036883121389211695,-0.544361412525177
288,-0.7204910171579803,0.042535291465005474,-0.5142501592636108
289,-0.41353397610204845,0.0076872583395833465,-0.5012109875679016
290,-0.48043177340534865,0.0002981846441657831,-0.4976997971534729
291,-0.19484821632537025,0.09325411092093415,-0.5002235770225525
292,-0.3787567818360674,0.014856617063927423,-0.5006445050239563
293,-0.3969906579963497,0.010565930507719723,-0.49978137016296387
294,-0.07940725202580451,0.17570887310029074,-0.49858367443084717
295,0.7373737966376123,1.5096856973377002,-0.49131888151168823
296,0.5834122595226158,1.0909205317440758,-0.4610591530799866
297,0.5518954272190754,0.9239969688093383,-0.40935218334198
298,1.0698099626592557,1.995228019318093,-0.34271544218063354
299,0.026735642973483065,0.08076055619947392,-0.25744837522506714
300,-0.2346970847551191,0.003161315746612671,-0.17847150564193726
301,-0.46256015968533176,0.1158330710866696,-0.1222175806760788
302,-0.5140014262037553,0.17372036796579476,-0.09720367193222046
303,-1.0780440457050524,0.9515521046966328,-0.10256872326135635
304,-0.06902239540471283,0.005566363288429876,-0.14363045990467072
305,-0.9491993711154761,0.5718518841988542,-0.1929904818534851
306,-1.2964882971882088,1.0843315944752057,-0.2551758587360382
307,-1.0566705617290817,0.5220997636967805,-0.33410584926605225
308,-0.8577884820205429,0.19156783887476694,-0.42010384798049927
309,-0.3710285164436205,0.016919677220594537,-0.5011041760444641
310,-0.2609007346013615,0.09036702141450212,-0.5615118145942688
311,-0.6703780462538749,0.005535638613078223,-0.5959761738777161
312,-0.7229061000931291,0.011663066107590452,-0.6149104237556458
313,-0.816007547242663,0.03613803529317353,-0.6259074807167053
314,-0.6337895397865494,1.2508657684991657e-06,-0.6349079608917236
315,-0.6841440189841765,0.0018751301783232366,-0.6408412456512451
316,-0.019392441087650897,0.39107818829120206,-0.6447548866271973
317,-0.17975394798075905,0.2071038678026523,-0.6348406076431274
318,-0.5742577454354221,0.0014990905214928559,-0.6129758358001709
319,-1.6204716729368742,1.0606472976391272,-0.5905943512916565
320,-1.2655752356184555,0.453302676021931,-0.5922976732254028
321,-0.9411088432827723,0.10609268543525642,-0.6153901219367981
322,-1.1459078761823966,0.24849272881406453,-0.647417426109314
323,-1.308442957717149,0.3894992937373282,-0.6843441724777222
324,-1.3901935150715472,0.4424776229525223,-0.7250036001205444
325,-1.030466911882848,0.06895381524925843,-0.7678763270378113
326,-1.1361267902951007,0.11024952310377051,-0.8040883541107178
327,-1.334042836829604,0.2516233860341113,-0.8324220776557922
328,-0.9309654949552024,0.005559166690430572,-0.8564056754112244
329,-1.5117929408557027,0.4110993612551082,-0.8706226348876953
330,-0.9368824481462705,0.002757090949277749,-0.8843744397163391
331,-1.4650610860607989,0.3294646625741939,-0.8910709619522095
332,-1.4067368331772288,0.25848262624872664,-0.8983249664306641
333,-1.4208650683477873,0.2636444053633927,-0.9074019193649292
334,-1.1146325521723779,0.038609372207853355,-0.9181398749351501
335,-1.2095453115232648,0.08109073313546575,-0.9247809648513794
336,-1.2451677848165548,0.1009239492295497,-0.9274824857711792
337,-0.48791853050425665,0.19335734792661036,-0.9276427030563354
338,0.25592701351800523,1.3688746249005141,-0.9140621423721313
339,0.47231844450629556,1.8114533159797566,-0.873583972454071
340,-0.7276155118166314,0.005876106913147452,-0.8042712807655334
341,-0.6541969905884673,0.006456299480116511,-0.7345480918884277
342,-0.6136235972781704,0.003954261884220371,-0.676506519317627
343,-0.5090505061867227,0.015481708215365375,-0.6334760189056396
344,-0.3401154548738672,0.06915024461838637,-0.6030797958374023
345,-0.7197664922774407,0.019641656415621978,-0.5796177983283997
346,-0.5555408526881135,0.00013761020334347027,-0.5672715902328491
347,-0.5429824214254033,0.00038783048709945146,-0.5626758337020874
348,-0.7024986492912111,0.019507672605546676,-0.562828779220581
349,-0.5933369006230047,0.0006135372566890891,-0.5685672163963318
350,-0.47632613241561633,0.010093103462826745,-0.5767905712127686
351,-0.709864652243384,0.016011914366770054,-0.5833264589309692
352,-0.8707091757235185,0.07817590404194337,-0.5911096334457397
353,-0.23071219791215625,0.13911095016097844,-0.6036880016326904
354,0.3489077065207869,0.9175259064720206,-0.6089680194854736
355,-0.05018474851065191,0.2943271361628767,-0.5927039980888367
356,-0.27623651123948584,0.08162400544425145,-0.5619356632232666
357,-0.5543333112205391,0.0007154418720368929,-0.5275855660438538
358,-1.0981496111400595,0.35658340232669683,-0.5010035634040833
359,-1.2513262463011448,0.5701930156639327,-0.49621498584747314
360,-1.4497253094226745,0.8701214635415263,-0.5169222950935364
361,-1.0496668212171916,0.23807039095355245,-0.5617422461509705
362,-0.9169580139313875,0.09071150166039267,-0.6157745122909546
363,-1.119221209749145,0.20440188168883122,-0.6671129465103149
364,-1.3063901372222742,0.35125751028422264,-0.7137203216552734
365,-0.7328079401271772,0.0006024223093401459,-0.7573522329330444
366,-0.1824105392094038,0.3663106070402925,-0.7876465320587158
367,-0.2973684869219347,0.24570092178331188,-0.7930507659912109
368,-0.2092179597894334,0.32195410586606027,-0.7766279578208923
369,-0.2644026048573066,0.22914182556241006,-0.7430902123451233
370,0.0648939533486398,0.5848414627209463,-0.6998553276062012
371,-0.14147488345883286,0.2554808168711852,-0.6469259858131409
372,-0.38950390089742454,0.04087543623709746,-0.591680645942688
373,-0.058879047077125726,0.23515601547368845,-0.5438079237937927
374,0.11705974474760279,0.38151443344578606,-0.5006088018417358
375,-0.5944236879438183,0.018665632835032444,-0.4578014612197876
376,-0.6618045018341447,0.05430690987444882,-0.42876607179641724
377,-0.15016918202532384,0.07182327505551842,-0.4181678295135498
378,-0.11128634676961904,0.0917779200890653,-0.41423505544662476
379,-0.3872095721090452,0.0005347332381132016,-0.41033387184143066
380,-0.49939017444616185,0.00808619127956855,-0.4094669222831726
381,-0.4117226639006869,7.2920769639346945e-06,-0.41442304849624634
382,-0.6778648033528,0.06487030801411174,-0.4231683015823364
383,-1.1738020840832482,0.5397682823109325,-0.4391128420829773
384,-2.068228049111331,2.5507594518277807,-0.47111833095550537
385,-1.5295438004289674,0.9908626816563156,-0.5341229438781738
386,-1.6132264241314709,0.9980514222527849,-0.6142011880874634
387,-1.4749629260948642,0.5997483995447125,-0.7005286812782288
388,-1.6231282641655276,0.7079259699276318,-0.7817448973655701
389,-1.2829638327514374,0.18397982425137252,-0.8540351390838623
390,-1.3046995791676905,0.156132017294479,-0.9095641374588013
391,-0.881214786491371,0.004412855618923884,-0.9476441144943237
392,-0.6913892677895628,0.07415891129819366,-0.963710606098175
393,-1.605377404592263,0.41980370075663287,-0.9574548006057739
394,-1.5836416581760355,0.40300263067985775,-0.9488167762756348
395,-1.0285348455347427,0.006936697344125475,-0.945248007774353
396,-0.2107877636972818,0.5310245262384093,-0.9395020604133606
397,-0.1384560297898969,0.6050227876850437,-0.9162881374359131
398,-0.12686363170125656,0.5572606218809177,-0.8733625411987305
399,-0.12130894095043669,0.4815276108697326,-0.8152308464050293
400,-0.2985760283895005,0.20240207255101464,-0.748467206954956
401,-0.23988951306566494,0.19600241046734054,-0.6826111078262329
402,-0.045958353374150135,0.3319630248078113,-0.6221206784248352
403,0.0774523846113585,0.41378215637116117,-0.5658066272735596
404,-0.13785225905611828,0.139679634653346,-0.5115896463394165
405,-0.3957831165287839,0.004631886482446565,-0.4638410806655884
406,-0.5199183793948406,0.008203902042028949,-0.42934298515319824
407,-0.5438277004526951,0.017507723941185542,-0.4115109443664551
408,-0.8505432332151223,0.19472502229676492,-0.4092666506767273
409,-1.0522026582990753,0.3933877205082644,-0.42499637603759766
410,-0.5965972625854367,0.01888742011992179,-0.4591657519340515
411,0.4591562425098068,0.9163782798910611,-0.4981202483177185
412,0.07733163046460623,0.34957448382897394,-0.5139166116714478
413,-0.1709388952675072,0.11337389832695699,-0.507649302482605
414,-0.25003286139325204,0.05723898671564569,-0.489279568195343
415,-0.5111033266815888,0.001928602974233321,-0.46718746423721313
416,0.0598222791848634,0.26110345184184075,-0.4511605501174927
417,-0.07083370760606583,0.13103456655924384,-0.4328206777572632
418,-0.5575936731829796,0.02106808287612902,-0.41244518756866455
419,-0.737034335263679,0.11300119376781935,-0.40087783336639404
420,-0.7960831130277886,0.15337644905642153,-0.40445005893707275
421,-0.7109514395641975,0.08263490865738185,-0.4234885573387146
422,-0.7789360241883112,0.10652356084324625,-0.4525565505027771
423,-0.46835635872965625,0.0003788112683161703,-0.4878194332122803
424,0.010796095601580088,0.28100956310880587,-0.5193072557449341
425,-0.18253129335617327,0.12333954787663443,-0.5337285995483398
426,-0.2048708105061793,0.10765847271648614,-0.5329843163490295
427,-0.4699261626374875,0.002650124034198679,-0.5214055180549622
428,-0.13241832245205928,0.14139186704484588,-0.5084394216537476
429,-0.1787879148066978,0.09794038067692766,-0.49174219369888306
430,-0.817818859444016,0.11919755549367388,-0.4725688695907593
431,-0.8244603375156407,0.12915579573589464,-0.46507781744003296
432,-0.7823171402974869,0.0959075129009333,-0.47262775897979736
433,-0.9644143936068568,0.22294937867567688,-0.49223923683166504
434,-1.095794905278317,0.32806511847715447,-0.5230252146720886
435,-1.0258782543060894,0.21371556435950614,-0.5635844469070435
436,-0.5554200985413525,0.0028122774425098558,-0.6084510087966919
437,-0.7057590112536517,0.003769252340067214,-0.6443647742271423
438,-0.7677058885399105,0.009545785148165306,-0.670003354549408
439,-1.2658167439119772,0.33459215135457543,-0.6873773336410522
440,-1.0750251920361336,0.13516062296477757,-0.7073832154273987
441,-1.7580106460929414,1.0584211639765846,-0.7292146682739258
442,-2.0706431320464627,1.7099020043507305,-0.7630109190940857
443,-1.6382225325101387,0.6810261291178437,-0.8129794597625732
444,-1.323295717768247,0.20773342961055283,-0.86751788854599
445,-0.7946340632667009,0.014297440492417664,-0.9142059683799744
446,-1.158345553298363,0.04759534881739404,-0.9401819705963135
447,-1.17404359237677,0.04993222070646398,-0.9505884051322937
448,-1.8226141146078536,0.7604276944975652,-0.9505890607833862
449,-1.5437927897462695,0.3472788949732277,-0.9544890522956848
450,-0.9860293858763319,0.0005868215493654734,-0.961804986000061
451,-0.35207011540279015,0.3727056838764655,-0.9625663757324219
452,-0.9715388882654907,0.0007323349442775547,-0.9444772005081177
453,-0.7435550591885429,0.030453765062634107,-0.9180651307106018
454,0.13565588334815912,1.044216633215501,-0.8862133026123047
455,-0.2674214585262426,0.3247852646506769,-0.8373208045959473
456,-0.4266961780985372,0.12421378750253356,-0.7791359424591064
457,-0.3962661331158102,0.10561919990994015,-0.721257209777832
458,-0.48345062707426745,0.03428358747147827,-0.6686089038848877
459,-0.3674058920409231,0.06648747837350773,-0.6252575516700745
460,-0.45845451869559944,0.017327266145988972,-0.5900875926017761
461,-0.26476486729758064,0.08940167894504333,-0.5637660026550293
462,-0.3216400704200803,0.04851658047820988,-0.541904866695404
463,-0.16574646695695278,0.12806980350380998,-0.5236148834228516
464,-0.14715032835639644,0.12832186053984942,-0.5053707361221313
465,-0.20028215292942067,0.08159365154353457,-0.48592817783355713
466,-0.59865008308032,0.017436783452924112,-0.4666016697883606
467,-0.29978356985708343,0.024459910575017535,-0.456180214881897
468,0.5569671013828603,1.0153935576508444,-0.4507002830505371
469,0.9282861026602169,1.8468937838910087,-0.4307186007499695
470,0.6542949436688961,1.0789337646107255,-0.3844224214553833
471,0.06259962456026905,0.1453049734236761,-0.3185892701148987
472,-0.8278414536248336,0.3302546971399227,-0.25316354632377625
473,-0.9886859771049766,0.5968567773101857,-0.2161209136247635
474,-0.7623927060826124,0.2969009796514434,-0.2175064980983734
475,0.04339971522591694,0.08540476778759672,-0.24884122610092163
476,-0.06431298368119331,0.04788909943224395,-0.28314876556396484
477,-0.3473607036792878,0.0013542970598902646,-0.3105599284172058
478,-0.8845959026005639,0.30353666658035316,-0.3336542844772339
479,-1.3479295637066238,0.9670651533306642,-0.364534854888916
480,-1.54065318193059,1.268725278779528,-0.414276123046875
481,-1.4121707697812962,0.8602548340299968,-0.48467153310775757
482,-0.26524788388461557,0.09078365750377808,-0.566551148891449
483,-0.32405515335520335,0.09334344152465525,-0.6295767426490784
484,-0.4102736141396079,0.06535648627175324,-0.6659227609634399
485,-0.47379029533371525,0.042088185854263445,-0.6789443492889404
486,-0.5641143971078522,0.012452293215003692,-0.6757042407989502
487,0.07902218851919834,0.5522928526352462,-0.6641418933868408
488,-0.2970062244816692,0.11574461897420668,-0.6372188329696655
489,0.04026010741024585,0.4143986160816936,-0.6034778952598572
490,-0.17576906113777901,0.14927245238833628,-0.5621269941329956
491,-0.18832749240049773,0.10986687613574642,-0.5197892189025879
492,-0.9527012413714299,0.2227723843214091,-0.48071354627609253
493,-0.5598880019713676,0.009588979562581444,-0.4619646668434143
494,-0.5742577454354221,0.01330749775110381,-0.4588996171951294
495,-0.7742266124647745,0.09448493618307008,-0.4668425917625427
496,-0.22600278618862812,0.06724697945010998,-0.4853230118751526
497,-0.4237980785763707,0.00591541777080056,-0.5007098317146301
498,-0.8644299600921591,0.12429859076899949,-0.5118699073791504
499,-1.3886237111636988,0.7417023504621358,-0.5274022817611694
500,-1.4369253698664597,0.7710018223610396,-0.5588582754135132
501,-1.5585247956506154,0.906187509767211,-0.6065859794616699
502,-1.5553851878349272,0.7888577358026119,-0.6672085523605347
503,-1.5265249467600486,0.6282500374809513,-0.7339026927947998
504,-1.9613606292315038,1.3499273505989515,-0.7994968891143799
505,-1.7485918226459196,0.7792796880945007,-0.8658236265182495
506,-1.2094245573765126,0.0798206142253103,-0.9268991351127625
507,-1.1607606362334946,0.0360505244722744,-0.9708908796310425
508,-1.3232957177682299,0.10764497596437758,-0.9952027797698975
509,-0.9426786471906121,0.0038872497239462248,-1.0050264596939087
510,-0.19653877437996237,0.6440762493445379,-0.9990823864936829
511,-0.6284763573292598,0.11564442488461227,-0.96854168176651
512,-0.556627640008927,0.13478524839403241,-0.9237587451934814
513,-0.6366876393087244,0.05535029973543941,-0.871954083442688
514,-0.5336843521251166,0.08223696850303279,-0.8204542398452759
515,-0.5330805813913294,0.0570482945956207,-0.7719284296035767
516,-0.4502432367161348,0.07736647201621752,-0.7283915281295776
517,-0.19448595388508763,0.2450901039494062,-0.6895517110824585
518,-0.8285659785053731,0.03154580030080774,-0.6509546041488647
519,-0.48163931487291445,0.02016807146219933,-0.6236536502838135
520,-0.9489578628219715,0.11892497989580487,-0.6041028499603271
521,-0.8672073054675733,0.07218938714875923,-0.5985264778137207
522,-0.31741367528357856,0.0827126933005457,-0.6050118207931519
523,0.10160321396273472,0.5062846585873023,-0.609933614730835
524,0.30326263904670503,0.8167400204478709,-0.6004740595817566
525,0.6640760295561834,1.5256659997823387,-0.571102499961853
526,0.23032713440555008,0.5591558079010162,-0.5174400806427002
527,0.37209250269811045,0.6794457414926055,-0.452192485332489
528,-0.13024474781043224,0.06309491429082162,-0.3814317584037781
529,-0.7611851646150466,0.19434095776536586,-0.3203439712524414
530,-1.2623148736560321,0.9502316861507771,-0.28751659393310547
531,-1.7216636479191292,2.033479210221451,-0.295662522315979
532,-1.3296956875463586,0.9604119260382257,-0.3496896028518677
533,-1.0842025071896422,0.425335480856825,-0.4320250153541565
534,-1.0798553579064054,0.31099832465191946,-0.5221831202507019
535,-0.8122641686931961,0.04197130575726034,-0.6073951721191406
536,-1.2607450697481923,0.3418923632971644,-0.6760294437408447
537,-0.8824223279589454,0.02229525388550293,-0.7331063747406006
538,-0.8854411816278557,0.012387700862054797,-0.7741411328315735
539,-1.2685940892873744,0.21984649887922833,-0.7997161746025085
540,-1.2307980413524917,0.16943077622062652,-0.8191783428192139
541,-0.9607917692041422,0.01562769786677631,-0.8357809782028198
542,0.08385235438947015,0.8647939259369021,-0.8460906147956848
543,0.14229736141979252,0.9487951538988827,-0.8317638039588928
544,-0.1513767234928982,0.40876102671593195,-0.7907209396362305
545,0.06537696993566612,0.6394919589669139,-0.7343054413795471
546,-0.006834009824932179,0.43673880527144526,-0.6676961779594421
547,-0.48997135099913136,0.011710542741451417,-0.5981866121292114
548,-0.6564913193768466,0.013480467960983001,-0.540385901927948
549,-0.7766416953999232,0.07511292373288024,-0.5025743246078491
550,-0.6854723145984946,0.03926717208770962,-0.48731285333633423
551,-1.8163348989764942,1.7601489366396201,-0.4896288514137268
552,-2.0487866314834657,2.322845735246284,-0.5246981382369995
553,-1.2766846171200867,0.4671099568302407,-0.5932301878929138
554,-1.4881251280913614,0.6667557504314654,-0.6715739965438843
555,-2.116167445373792,1.867811250775857,-0.7494885325431824
556,-1.6682903150526003,0.7025019545701741,-0.8301364183425903
557,-1.8904779450852152,0.9747915933856236,-0.9031625986099243
558,-1.412412278074801,0.19838869245194352,-0.9670038223266602
559,-1.2747525507719986,0.06839106940451514,-1.0132356882095337
560,-1.1756133962845927,0.018627497198868997,-1.0391308069229126
561,-0.2994213074168094,0.557210842391328,-1.0458868741989136
562,-0.2741836907446197,0.5624832807263649,-1.0241725444793701
563,-0.9528219955181821,0.0005920646485496873,-0.9771543741226196
564,-0.6541969905884673,0.07292509032970917,-0.9242434501647949
565,-0.433096147876666,0.1915653726832177,-0.87077796459198
566,-0.4215037497879914,0.1563539499021393,-0.8169199228286743
567,-0.061294130012274496,0.49438997425829023,-0.7644228339195251
568,0.08469763341677909,0.629934347373723,-0.7089864015579224
569,0.09363344027677464,0.5508747077409062,-0.6485759019851685
570,0.02601111809294358,0.3732942089397211,-0.5849669575691223
571,-0.16429741719587382,0.12832602784102262,-0.5225236415863037
572,-0.3057005230481516,0.026367050685827276,-0.4680798649787903
573,-0.3639040217849694,0.0039799875992000125,-0.42699116468429565
574,-0.20644061441402775,0.037844202631026023,-0.4009764790534973
575,-0.19991989048915523,0.03435868440230417,-0.3852808475494385
576,0.8650109297596141,1.5406404300467558,-0.3762144446372986
577,0.6796533144878381,1.0597507907202353,-0.3497886657714844
578,0.4659184747281925,0.5927883476443067,-0.30400902032852173
579,0.1878216747471393,0.1891176523113897,-0.24705491960048676
580,0.21378381629986848,0.16407067744567136,-0.19127257168293
581,-0.25232719018163136,0.012152702930188828,-0.1420878916978836
582,-0.1610370552334504,0.002471820757093547,-0.1113196462392807
583,0.2739193813847658,0.1390981122820068,-0.09903921186923981
584,0.40747346769787013,0.2501020837806177,-0.0926286056637764
585,0.23829690809149298,0.10325627304204812,-0.08303823322057724
586,-0.20716513929456723,0.018548284212765234,-0.07097305357456207
587,-1.4378914030405037,1.8792931046866264,-0.0670182853937149
588,-1.6983580975950447,2.5545656652740534,-0.10005722939968109
589,-0.7195249839839362,0.2930270364341603,-0.17820526659488678
590,-0.500356207620223,0.051834372697382655,-0.27268457412719727
591,-0.9671917389822539,0.36670390960977134,-0.361630916595459
592,-0.8256678789832238,0.1454060944999469,-0.4443463683128357
593,-0.9982255546987594,0.2323528817922566,-0.5161955952644348
594,-1.6612865745407015,1.1720531731893182,-0.5786725282669067
595,-1.171024738707834,0.27751444653942053,-0.6442283391952515
596,-1.026119762599611,0.10304140420616796,-0.7051191329956055
597,-1.0474932465755644,0.08566625347164859,-0.7548052668571472
598,-1.7469012645913102,0.9117844123284999,-0.7920272350311279
599,-1.6032038299506532,0.5985025775985852,-0.8295743465423584
600,-1.2525337877687104,0.14806568167454168,-0.8677407503128052
601,-0.6228009124316877,0.0763850348983842,-0.8991793394088745
602,-0.34506637489090847,0.3205926451787368,-0.9112753868103027
603,-0.8102113481983214,0.007846790343202736,-0.8987934589385986
604,-0.8795242284367875,3.465851444944077e-05,-0.8736370801925659
605,-0.879765736730292,0.0012080328817205806,-0.8450089693069458
606,-0.9412295974295246,0.01516405975143862,-0.8180871605873108
607,-0.9791463995111853,0.03337883866464345,-0.7964476346969604
608,-0.45785074796181224,0.10488251727752265,-0.7817064523696899
609,-0.3994057409314899,0.1332688967206623,-0.764465868473053
610,-0.9483540920881843,0.042839123511825145,-0.7413779497146606
611,-0.7807473363896555,0.0033368284285563202,-0.7229820489883423
612,-1.5392041321695025,0.6877142659589376,-0.709918737411499
613,-1.5413777068111294,0.6830395591149646,-0.7149156332015991
614,-1.6711884145747669,0.8702024571908189,-0.7383419871330261
615,-1.5330456706849125,0.5712517050615412,-0.7772337198257446
616,-1.5369098033811401,0.509628806131892,-0.8230268955230713
617,-1.183703924117305,0.09890200144251818,-0.869217038154602
618,-1.1917944519500174,0.08174061272510079,-0.9058912992477417
619,-1.2149792481273323,0.0809532511533769,-0.9304563999176025
620,-0.670378046253892,0.07495782262039023,-0.9441623091697693
621,-0.21767075006239403,0.5226389923587056,-0.9406085014343262
622,-1.1675228684518975,0.06431248752392675,-0.9139237999916077
623,-0.922512704682216,0.001499991355041816,-0.8837829828262329
624,-0.25184417359460504,0.36401810550144326,-0.8551833033561707
625,0.04134689473105936,0.7405430767040713,-0.8192012310028076
626,0.36762459926809554,1.294364770888814,-0.7700769305229187
627,0.2872023375280326,0.9822951452980871,-0.7039057016372681
628,-0.06817711637742105,0.3109906266099796,-0.6258424520492554
629,-0.20644061441402775,0.11736434653409494,-0.5490254163742065
630,-0.04330176214550536,0.1934911218049779,-0.4831780195236206
631,-0.10271280234988037,0.10619983253140881,-0.42859596014022827
632,0.3132852332275055,0.4886175025655248,-0.38572657108306885
633,0.11138429985003921,0.20849306549564464,-0.34522610902786255
634,-0.10065998185500562,0.042925086911088955,-0.3078436851501465
635,-0.27128559122246176,5.1588036072520555e-05,-0.2784680724143982
636,-0.5126731305894372,0.062995154464554,-0.261684775352478
637,-0.3191042333381793,0.003240025600496247,-0.2621830105781555
638,-0.3422890295154942,0.004616369468518823,-0.27434515953063965
639,-0.20873494320238992,0.007217740780218945,-0.2936922311782837
640,-0.011301913254921376,0.09143102531127088,-0.3136775493621826
641,0.30833431321048144,0.4035720142176412,-0.3269388675689697
642,1.1370700224028298,2.1374240586436635,-0.32492315769195557
643,0.9681349710899658,1.583158788077304,-0.29010140895843506
644,0.6848457427983667,0.8294231916563208,-0.22588099539279938
645,-0.23276501840701383,0.007479178045881714,-0.14628277719020844
646,-0.5706351210327161,0.23982549381863477,-0.08091530948877335
647,-0.5211259208624064,0.22377034522069675,-0.04808221757411957
648,-0.2840855307786765,0.05537179690989355,-0.04877340421080589
649,-0.4195716834398861,0.12096271661595531,-0.07177473604679108
650,-0.01661509571223667,0.008823192597219011,-0.11054694652557373
651,0.18830469133415703,0.11423659521399751,-0.1496843546628952
652,-0.8265131580105155,0.4210844042503416,-0.17760299146175385
653,-0.41075663072663426,0.039200116129790206,-0.21276643872261047
654,-0.36728513789416223,0.013482764597148056,-0.2511698305606842
655,-0.2807044146695008,6.283015847723961e-05,-0.28863096237182617
656,-0.12867494390260956,0.036932769843842785,-0.32085394859313965
657,-0.442031954736653,0.009768268154777984,-0.34319740533828735
658,-0.3758586823138923,0.00019852360729993968,-0.36176884174346924
659,0.19893105624877044,0.3326327914088719,-0.3778122067451477
660,-0.15753518497748814,0.04952785923468878,-0.38008373975753784
661,0.13010119259735642,0.25448232271890897,-0.37436121702194214
662,-0.19557274120590115,0.026627610666968646,-0.35875242948532104
663,-0.10681844333961268,0.055151827208796696,-0.3416627049446106
664,-0.6505743661857613,0.1057826059011178,-0.32533198595046997
665,-0.7615474270553035,0.19307256782261012,-0.3221471905708313
666,-0.34760221197279234,0.00012057945947014428,-0.33662134408950806
667,-0.3666813671603836,7.507181673651152e-05,-0.3580169677734375
668,-0.4512092698901789,0.004990968319258465,-0.3805624842643738
669,-0.7715700212361383,0.13595210097394325,-0.40285319089889526
670,-0.8312225697340179,0.1608696513942666,-0.4301369786262512
671,-1.095191134544521,0.3988636434723372,-0.4636346101760864
672,-1.1096816321553538,0.36390544820197435,-0.5064358711242676
673,-1.2592960199870962,0.49411300596297536,-0.5563642978668213
674,-1.4139820819826492,0.6432829324652924,-0.6119328737258911
675,-1.7421918528677907,1.1455245776406282,-0.6719000339508057
676,-1.377635083808837,0.4092167225648395,-0.7379345893859863
677,-0.9632068521392909,0.02657512509886773,-0.8001880645751953
678,-0.8523545454164582,3.2776823047391585e-05,-0.8466294407844543
679,-0.7296683323115061,0.020556586093059614,-0.8730440139770508
680,-1.034814061166085,0.024147634621333125,-0.8794189691543579
681,-1.430525400088331,0.3083924859491186,-0.8751944303512573
682,-1.2078547534686812,0.11223173857507053,-0.8728446960449219
683,-0.9646559019003613,0.008444922911408546,-0.8727596402168274
684,-0.15185974007990738,0.5165064892572981,-0.8705435991287231
685,-0.4064094814433802,0.19801084835690247,-0.8513935804367065
686,-0.7268909869360919,0.008414347848017098,-0.8186207413673401
687,-0.3968699038495974,0.14917507536678895,-0.7831017971038818
688,-0.22684806521593706,0.26836970482714834,-0.7448921799659729
689,-0.1365239634417916,0.3206356479856251,-0.7027709484100342
690,-0.29302133763869775,0.1323042370199725,-0.6567578315734863
691,-0.31560236308221695,0.08782922312805587,-0.6119623184204102
692,-0.22793485253675058,0.11831448986698004,-0.5719035863876343
693,-0.18687844263941017,0.1222426778667902,-0.5365106463432312
694,-0.23373105158106647,0.07360821661283788,-0.505039393901825
695,-0.4251263741906974,0.002816824364040482,-0.47820013761520386
696,-0.4652167509139851,2.923726687323551e-05,-0.4598096013069153
697,0.29348155315939195,0.554165509128796,-0.45094138383865356
698,0.14096906580545726,0.33214215514500883,-0.4353486895561218
699,0.14193509897951848,0.30616728721084696,-0.4113887548446655
700,0.5281068603079646,0.8258113773690305,-0.38063478469848633
701,0.4363337087727487,0.5994519307144348,-0.33790910243988037
702,0.09399570271704011,0.14454395824669788,-0.2861936688423157
703,-0.6409140344452091,0.16348232464669146,-0.23658455908298492
704,-0.47270350801290173,0.06922972027774953,-0.20958809554576874
705,-0.5754652869029879,0.13631103962225077,-0.2062620371580124
706,-0.4501224825693654,0.05090495305302241,-0.22450122237205505
707,-0.3351645348568345,0.0062686119139771295,-0.2559899687767029
708,-0.6615629935406402,0.13696622739569522,-0.29147350788116455
709,-0.8495772000410611,0.267712914622217,-0.332167387008667
710,-1.2940732142530773,0.8356382744384508,-0.3799406886100769
711,-1.535581507766805,1.1979446974153465,-0.4410749077796936
712,-1.115236322906165,0.3576937926948261,-0.5171612501144409
713,-1.1017118584694021,0.25713152458046074,-0.5946304798126221
714,-0.7134872766460814,0.002342951776075564,-0.6650832295417786
715,-0.6212311085238392,0.0092464064747197,-0.7173893451690674
716,-0.2439951540553973,0.25413646163531883,-0.7481146454811096
717,-0.2430291208813532,0.25993914361929704,-0.7528713941574097
718,0.36025859631592266,1.2007610492500433,-0.7355338335037231
719,0.25375343887637825,0.893494501003866,-0.6914949417114258
720,-0.09112040426121429,0.2879205740650697,-0.6277027130126953
721,-0.7381211225844925,0.03200914626195791,-0.5592101216316223
722,-0.9315692656889725,0.17996833398424386,-0.507342517375946
723,-0.35496821492495667,0.01622531227958599,-0.4823468327522278
724,-0.6424838383530574,0.0289887179871578,-0.47222310304641724
725,-0.46811485043615164,4.988560258736543e-05,-0.4751778244972229
726,-0.6382574432165558,0.02369266737203142,-0.48433321714401245
727,-0.2648856214443415,0.0547081753019993,-0.4987834095954895
728,-0.1309692726909889,0.14320251489752256,-0.5093903541564941
729,-0.684868543864716,0.030386780778565027,-0.5105504989624023
730,-0.748505979205567,0.0555459677320446,-0.5128240585327148
731,-0.7923397344783045,0.073543714272495,-0.5211502909660339
732,-1.365559669133136,0.6870647544371182,-0.5366659760475159
733,-1.2747525507719815,0.49892951155785886,-0.5684031248092651
734,-0.9368824481462792,0.10477954374222997,-0.6131857633590698
735,-0.312342001119785,0.12025371512234904,-0.6591181755065918
736,-0.5731709581146085,0.013317962091032708,-0.6885744333267212
737,-0.3121004928262804,0.15243005450452798,-0.702523410320282
738,-0.7585285733863847,0.0034951511988486317,-0.699408769607544
739,-0.4221075205217786,0.07211444766747964,-0.6906488537788391
740,-0.9338635944773518,0.06659022241008106,-0.6758127808570862
741,-0.6138651055716664,0.002712730705384587,-0.6659489870071411
742,-0.3102891806249274,0.12130878204487389,-0.6585832834243774
743,-0.2879496634749042,0.12883404642166926,-0.6468842625617981
744,-0.3978359370236415,0.053511670943544185,-0.6291618347167969
745,-0.471012949958301,0.018949757778075213,-0.6086710691452026
746,-0.368130416921454,0.04889933903368297,-0.5892623662948608
747,-0.13628245514826987,0.18883818862286406,-0.5708376169204712
748,-0.20861418905565476,0.11605046555291007,-0.5492759943008423
749,-0.3727190744982212,0.023390409590598214,-0.5256583094596863
750,-0.5197976252480884,0.00022802993335668096,-0.5046969652175903
751,-0.4752393450948028,0.0002529827432324599,-0.4911447763442993
752,-0.5445522253332346,0.003565616804852969,-0.48483943939208984
753,-0.6917515302298539,0.04244055166019568,-0.4857404828071594
754,-0.842814967822684,0.12088139501281611,-0.49513494968414307
755,-0.20064441536968614,0.098375444052067,-0.5142930150032043
756,-0.12058441606989721,0.16649664105138762,-0.528624415397644
757,0.749569965460057,1.6414291603050988,-0.531612753868103
758,0.6011631190958804,1.2256227229225363,-0.5059153437614441
759,-0.16526345036993503,0.08336686537613557,-0.4539966583251953
760,-0.4556771733201852,0.0032632513179849175,-0.3985522985458374
761,-1.4042009960953363,1.09733412874893,-0.3566638231277466
762,-0.4969750915110302,0.02089802635366858,-0.3524135947227478
763,-0.2546215189700107,0.013208978104602816,-0.3695518374443054
764,-0.6936835965779593,0.09101506654226423,-0.3919965624809265
765,-1.3906765316585734,0.9411765032071394,-0.42053401470184326
766,-1.342012610515547,0.7661869526925617,-0.4666915535926819
767,-0.6503328578922567,0.014912467683978449,-0.5282162427902222
768,-0.8035698701267051,0.047483966551118584,-0.5856617093086243
769,-0.2606592263078483,0.13915133524673326,-0.6336891651153564
770,-0.15632764350993092,0.25428310196837084,-0.6605925559997559
771,-0.8185433843245554,0.023941050708695965,-0.6638144254684448
772,-0.8650337308259635,0.042121205181931055,-0.6597992181777954
773,-0.6715855877214578,0.0002064007648551201,-0.6572189331054688
774,-0.7458493879769137,0.008163497534713928,-0.6554973125457764
775,0.058131721130262694,0.5095275998043979,-0.6556802988052368
776,-0.14413147468747764,0.24860779796089805,-0.6427373290061951
777,-0.45181304062397465,0.027615857198305983,-0.6179932355880737
778,-0.540688092637024,0.002533605707614006,-0.5910230278968811
779,-0.9341051027708734,0.1336722033940769,-0.5684930086135864
780,-0.9488371086752021,0.15105772380658022,-0.5601756572723389
781,-0.6916307760830845,0.015461916181442195,-0.5672848224639893
782,-1.0351763236063676,0.20545656119168318,-0.5819031596183777
783,-1.162451194288104,0.31039326745408335,-0.6053217053413391
784,-0.7701209714750422,0.01758268164350824,-0.6375212669372559
785,-0.6179707465613987,0.0025294504735728367,-0.6682643890380859
786,-1.052927183179632,0.1314987422053072,-0.6902996301651001
787,-0.8797657367302749,0.02883933796682072,-0.7099442481994629
788,-0.8987241377711224,0.029759791647129875,-0.7262138724327087
789,-1.5905246445411823,0.7246684116523258,-0.7392500638961792
790,-1.5965623518790197,0.6976929227985302,-0.761282205581665
791,-0.8017585579253521,6.480625929148191e-05,-0.793708324432373
792,-1.3265560797306704,0.2566465952913908,-0.8199530839920044
793,-1.2660582522054904,0.1786638800561175,-0.8433717489242554
794,-1.5568342375960147,0.4802877947638123,-0.8638062477111816
795,-1.0584818739304347,0.029843612093612304,-0.8857288360595703
796,-1.155085191335931,0.06436175607766485,-0.9013890027999878
797,-0.503012798848885,0.16600379513573554,-0.910448431968689
798,-0.40870381023176805,0.24451625474938257,-0.9031896591186523
799,-0.5332013355380988,0.11913757129051436,-0.8783644437789917
800,-0.11225237994368027,0.532958993955863,-0.8422927856445312
801,-0.010698142521142763,0.6129067024104422,-0.7935817241668701
802,-0.14582203274206978,0.34597039160672394,-0.7340145111083984
803,-0.02216978646304796,0.4206385391706646,-0.6707363128662109
804,-0.16659174598425314,0.1938241009922197,-0.6068463325500488
805,-0.009128338613311504,0.290594155467017,-0.5481961965560913
806,-0.200765169516447,0.08638427344063981,-0.49467718601226807
807,-0.002124598101412661,0.2009173801641464,-0.4503626823425293
808,-0.28650061371381663,0.015835907490359697,-0.4123414158821106
809,-0.40471892338878807,0.00039678658204663603,-0.38479942083358765
810,-0.09232794572878868,0.0773241732305661,-0.37040019035339355
811,-0.15101446105263278,0.04437455798105768,-0.3616671562194824
812,0.017316819526444028,0.13927174515925508,-0.3558744788169861
813,-0.13169379757152838,0.04681361648975965,-0.3480583429336548
814,-0.2449611872294585,0.009001332153090293,-0.3398365378379822
815,0.9139163591961452,1.5583187284453643,-0.33441001176834106
816,0.7577812474395217,1.1375264797014202,-0.3087676167488098
817,-0.21501415883376643,0.0021435736163398023,-0.26131290197372437
818,-0.8251848623961803,0.3701429963464254,-0.2167910784482956
819,-0.7910114388639864,0.3510360876997102,-0.198528453707695
820,-0.902226008027059,0.4785536624081983,-0.21045027673244476
821,-0.8371395229251118,0.34484696907417933,-0.24990279972553253
822,-0.041248941650630616,0.07093353127346931,-0.30758243799209595
823,-0.1151504794658382,0.059006744776214516,-0.3580635190010071
824,-0.7006873370898581,0.09458099070090502,-0.3931471109390259
825,-0.5550578361010785,0.0172608856171912,-0.42367714643478394
826,-0.12203346583098476,0.10812137801369655,-0.4508516192436218
827,0.211489487511472,0.4594619523066692,-0.46634674072265625
828,0.11319561205138363,0.3311612441350486,-0.46227049827575684
829,0.047988372802692754,0.23977518753767138,-0.44168007373809814
830,-1.0631912856539543,0.42539458496136634,-0.41096848249435425
831,-0.6240084538992534,0.051112587470323746,-0.39792752265930176
832,-0.4118434180474392,0.00011001507495761764,-0.4013546109199524
833,-0.4208999790542042,6.192299049269345e-05,-0.41303086280822754
834,-0.08737702571174742,0.11598115765834242,-0.4279370903968811
835,-0.09679584915879504,0.1153043803081983,-0.43636083602905273
836,-0.5042203403164508,0.004671786441153438,-0.43586987257003784
837,-0.34337581683630775,0.008496251139395025,-0.4355509281158447
838,-0.07324879054119744,0.13135147928001237,-0.43567323684692383
839,0.29988152293749504,0.5339434264947083,-0.43083280324935913
840,0.4773901186700891,0.7919745882686605,-0.41253942251205444
841,0.2588251130401546,0.4042736932210699,-0.377000093460083
842,-0.5445522253332346,0.045431136671997295,-0.3314064145088196
843,-0.8163698096829284,0.2684570728821025,-0.29824137687683105
844,-0.7879925851950762,0.24752409261285724,-0.29047465324401855
845,-1.3203976182460804,1.025603109442151,-0.3076769709587097
846,-1.0327612406712272,0.4600138985200322,-0.35451799631118774
847,-1.3478088095598886,0.8624173790058439,-0.41914451122283936
848,-1.7542672675434832,1.580930121433596,-0.49691683053970337
849,-1.5143287779375867,0.859196260841559,-0.5874003767967224
850,-1.4092726702591298,0.5327420924879059,-0.6793808341026306
851,-1.509136349627041,0.5568616695067118,-0.762904703617096
852,-0.7988604584031856,0.001280403532628665,-0.8346431851387024
853,0.4159262579708565,1.683020749241945,-0.8813866376876831
854,-0.15004842787856296,0.5349908926269007,-0.8814791440963745
855,-0.709864652243384,0.018851087727648378,-0.8471639156341553
856,-0.38165488135822534,0.1761581497454789,-0.8013668656349182
857,0.32813799327860355,1.1639212462903232,-0.7507138252258301
858,0.16391235368926765,0.7244528285080033,-0.6872355937957764
859,-0.3853982599076922,0.05285730397983949,-0.6153054237365723
860,-0.12674287755448713,0.1798425120490058,-0.5508213043212891
861,0.1368634248157421,0.3998288853846234,-0.4954568147659302
862,0.018524360994018413,0.21428992534277458,-0.4443902373313904
863,0.38380565493352026,0.6120358439210628,-0.3985215425491333
864,0.35880954655486086,0.5038868099169607,-0.3510403037071228
865,0.36062085875620525,0.4378660751422369,-0.3010936379432678
866,0.09001081587407722,0.11551900092982902,-0.24987004697322845
867,0.1973612523409306,0.16171131683794104,-0.2047722041606903
868,-0.11140710091637133,0.003022313240327114,-0.16638267040252686
869,-0.1309692726909889,9.937223407208616e-05,-0.14093783497810364
870,-0.14075035857829338,0.00012731697034778196,-0.12946687638759613
871,-0.15765593912425757,0.0007586714660211955,-0.1301119476556778
872,0.05692417966269689,0.03880291678537781,-0.14006038010120392
873,0.648861007064837,0.6405610950921631,-0.15148960053920746
874,0.338764358193217,0.23691939287455951,-0.14797930419445038
875,0.4572241761617015,0.347701187986877,-0.13243775069713593
876,-0.06226016318632715,0.0019198525520882645,-0.10607628524303436
877,-0.22576127789512357,0.02034132813888339,-0.08313824981451035
878,-0.8403998848875524,0.5892110770817574,-0.07279902696609497
879,-1.2726997302771066,1.3993378786042083,-0.08976360410451889
880,-0.42222827466853946,0.0779444944150036,-0.14304286241531372
881,-0.4201754541736733,0.0444386056312249,-0.20937079191207886
882,-1.0639158105345023,0.622184412522581,-0.27512913942337036
883,-0.44686212060693337,0.010107129334789206,-0.34632790088653564
884,-0.7285815449906926,0.10199116183641263,-0.40922099351882935
885,-1.0314329450569093,0.32183548956728064,-0.46412748098373413
886,-0.6095179562884294,0.008570148694250814,-0.5169428586959839
887,-0.3110137055054669,0.062154975698706344,-0.5603227019309998
888,-0.2090972056426725,0.1424154503445175,-0.5864769220352173
889,-0.06189790074606169,0.282569379602554,-0.5934704542160034
890,-0.39216049212606935,0.03588940874348912,-0.5816054940223694
891,0.12019935256329105,0.4650961296322621,-0.5617802143096924
892,-0.21646320859482823,0.09854858605538916,-0.5303876996040344
893,-0.46714881726207325,0.0008304653680624665,-0.4959666132926941
894,-1.032640486524475,0.31833645207726535,-0.4684273600578308
895,-1.1705417221208163,0.5018952064659669,-0.46209609508514404
896,-1.1119759609437245,0.3983905014969779,-0.48079413175582886
897,-1.1314173785715897,0.3753477176522442,-0.5187610983848572
898,-1.1874473026667633,0.3829654196055429,-0.5686053037643433
899,-1.5014080842346111,0.7696379437150658,-0.6241179704666138
